-- phpMyAdmin SQL Dump
-- version 4.9.0.1
-- https://www.phpmyadmin.net/
--
-- Servidor: 127.0.0.1
-- Tiempo de generación: 26-11-2020 a las 20:21:43
-- Versión del servidor: 10.4.6-MariaDB
-- Versión de PHP: 7.3.17

SET SQL_MODE = "NO_AUTO_VALUE_ON_ZERO";
SET AUTOCOMMIT = 0;
START TRANSACTION;
SET time_zone = "+00:00";


/*!40101 SET @OLD_CHARACTER_SET_CLIENT=@@CHARACTER_SET_CLIENT */;
/*!40101 SET @OLD_CHARACTER_SET_RESULTS=@@CHARACTER_SET_RESULTS */;
/*!40101 SET @OLD_COLLATION_CONNECTION=@@COLLATION_CONNECTION */;
/*!40101 SET NAMES utf8mb4 */;

--
-- Base de datos: `nevados`
--

-- --------------------------------------------------------

--
-- Estructura de tabla para la tabla `pop_up`
--

DROP TABLE IF EXISTS `pop_up`;
CREATE TABLE `pop_up` (
  `p_visible` tinyint(1) NOT NULL DEFAULT 1,
  `p_codigo` int(11) NOT NULL,
  `p_titulo` varchar(256) NOT NULL,
  `p_descripcion` text NOT NULL,
  `p_link` varchar(256) NOT NULL,
  `p_estado` tinyint(1) NOT NULL
) ENGINE=InnoDB DEFAULT CHARSET=utf8;

-- --------------------------------------------------------

--
-- Estructura de tabla para la tabla `s_campos`
--

DROP TABLE IF EXISTS `s_campos`;
CREATE TABLE `s_campos` (
  `cam_codigo` int(11) NOT NULL,
  `tic_codigo` int(11) DEFAULT NULL,
  `tipr_codigo` int(11) DEFAULT NULL,
  `tab_codigo` int(11) DEFAULT NULL,
  `cam_nombre` varchar(265) DEFAULT NULL,
  `cam_nombre_campo` varchar(256) DEFAULT NULL,
  `cam_tabla_relacion` int(11) DEFAULT NULL,
  `cam_campo_relacion` int(11) DEFAULT NULL,
  `cam_primaria` int(11) DEFAULT NULL,
  `cam_longitud` int(11) DEFAULT NULL,
  `cam_predeterminado` varchar(256) DEFAULT NULL,
  `cam_nulo` int(1) DEFAULT NULL,
  `cam_asociado` int(11) DEFAULT NULL,
  `cam_comentario` text DEFAULT NULL,
  `cam_visible` int(1) DEFAULT 1
) ENGINE=MyISAM DEFAULT CHARSET=latin1;

--
-- Volcado de datos para la tabla `s_campos`
--

INSERT INTO `s_campos` (`cam_codigo`, `tic_codigo`, `tipr_codigo`, `tab_codigo`, `cam_nombre`, `cam_nombre_campo`, `cam_tabla_relacion`, `cam_campo_relacion`, `cam_primaria`, `cam_longitud`, `cam_predeterminado`, `cam_nulo`, `cam_asociado`, `cam_comentario`, `cam_visible`) VALUES
(1, 2, NULL, 13, 'Código', 'sli_codigo', NULL, NULL, 1, 11, '', 0, NULL, '', 1),
(2, 1, NULL, 13, 'Título', 'sli_titulo', NULL, NULL, 0, 256, '', 0, NULL, '', 1),
(3, 1, NULL, 13, 'Antetitulo', 'sli_antetitulo', NULL, NULL, 0, 256, '', 1, NULL, '', 1),
(4, 8, NULL, 13, 'Bajada', 'sli_bajada', NULL, NULL, 0, NULL, '', 1, NULL, '', 1),
(5, 1, NULL, 13, 'Imagen adjunta', 'sli_imagen_adjunta', NULL, NULL, 0, 256, '', 0, NULL, '', 1),
(6, 1, NULL, 13, 'Url video', 'sli_url_video', NULL, NULL, 0, 256, '', 1, NULL, '', 1),
(7, 1, NULL, 13, 'Link', 'sli_link', NULL, NULL, 0, 256, '', 1, NULL, '', 1),
(8, 2, NULL, 13, 'Orden', 'sli_orden', NULL, NULL, 0, 11, '', 0, NULL, '', 1),
(9, 1, NULL, 13, 'Url', 'sli_url', NULL, NULL, 0, 256, '', 0, NULL, '', 1),
(10, 7, NULL, 13, 'Estado', 'sli_estado', NULL, NULL, 0, 1, '', 0, NULL, '', 1),
(11, 2, NULL, 14, 'Código', 'ho_codigo', NULL, NULL, 1, 11, '', 0, NULL, '', 1),
(12, 1, NULL, 14, 'Nombre', 'ho_nombre', NULL, NULL, 0, 256, '', 0, NULL, '', 1),
(13, 1, NULL, 14, 'Url', 'ho_url', NULL, NULL, 0, 256, '', 0, NULL, '', 1),
(14, 7, NULL, 14, 'Estado', 'ho_estado', NULL, NULL, 0, 1, '', 0, NULL, '', 1),
(15, 2, 1, 13, 'Hotel', 'sli_hotel', 14, 11, 0, 11, '', 1, NULL, '', 1),
(16, 2, NULL, 15, 'Código', 'hab_codigo', NULL, NULL, 1, 11, '', 0, NULL, '', 1),
(17, 1, NULL, 15, 'Título', 'hab_titulo', NULL, NULL, 0, 256, '', 0, NULL, '', 1),
(18, 8, NULL, 15, 'Descripción', 'hab_descripcion', NULL, NULL, 0, NULL, '', 1, NULL, '', 1),
(19, 7, NULL, 15, 'Alineación galería', 'hab_alineacion_galeria', NULL, NULL, 0, 1, '', 0, NULL, '1:indica galería a la derecha; 2:indica galería a la izquierda', 1),
(20, 2, NULL, 15, 'Orden', 'hab_orden', NULL, NULL, 0, 11, '', 0, NULL, '', 1),
(21, 1, NULL, 15, 'Url', 'hab_url', NULL, NULL, 0, 256, '', 0, NULL, '', 1),
(22, 7, NULL, 15, 'Estado', 'hab_estado', NULL, NULL, 0, 1, '', 0, NULL, '', 1),
(23, 2, 1, 15, 'Hotel', 'hab_hotel', 14, 11, 0, 11, '', 0, NULL, '', 1),
(24, 2, NULL, 16, 'Código', 'sec_codigo', NULL, NULL, 1, 11, '', 0, NULL, '', 1),
(25, 1, NULL, 16, 'Nombre', 'sec_nombre', NULL, NULL, 0, 256, '', 0, NULL, '', 1),
(26, 1, NULL, 16, 'Imagen adjunta', 'sec_imagen_adjunta', NULL, NULL, 0, 256, '', 1, NULL, '', 1),
(27, 2, NULL, 16, 'Orden', 'sec_orden', NULL, NULL, 0, 11, '', 0, NULL, '', 1),
(28, 1, NULL, 16, 'Url', 'sec_url', NULL, NULL, 0, 256, '', 0, NULL, '', 1),
(29, 7, NULL, 16, 'Estado', 'sec_estado', NULL, NULL, 0, 1, '', 0, NULL, '', 1),
(30, 2, 1, 16, 'Hotel', 'sec_hotel', 14, 11, 0, 11, '', 0, NULL, '', 1),
(31, 2, NULL, 17, 'Código', 'act_codigo', NULL, NULL, 1, 11, '', 0, NULL, '', 1),
(32, 1, NULL, 17, 'Título', 'act_titulo', NULL, NULL, 0, 256, '', 0, NULL, '', 1),
(33, 8, NULL, 17, 'Bajada', 'act_bajada', NULL, NULL, 0, NULL, '', 1, NULL, '', 1),
(34, 1, NULL, 17, 'Link', 'act_link', NULL, NULL, 0, 256, '', 1, NULL, '', 1),
(35, 1, NULL, 17, 'Nombre link', 'act_nombre_link', NULL, NULL, 0, 256, '', 1, NULL, '', 1),
(36, 1, NULL, 17, 'Imagen adjunta', 'act_imagen_adjunta', NULL, NULL, 0, 256, '', 1, NULL, '', 1),
(37, 2, NULL, 17, 'Orden', 'act_orden', NULL, NULL, 0, 11, '', 0, NULL, '', 1),
(38, 1, NULL, 17, 'Url', 'act_url', NULL, NULL, 0, 256, '', 0, NULL, '', 1),
(39, 7, NULL, 17, 'Estado', 'act_estado', NULL, NULL, 0, 1, '', 0, NULL, '', 1),
(40, 2, 1, 17, 'Hotel', 'act_hotel', 14, 11, 0, 11, '', 0, NULL, '', 1),
(41, 2, NULL, 18, 'Código', 'cad_codigo', NULL, NULL, 1, 11, '', 0, NULL, '', 1),
(42, 1, NULL, 18, 'Título', 'cad_titulo', NULL, NULL, 0, 256, '', 0, NULL, '', 1),
(43, 1, NULL, 18, 'Sector', 'cad_sector', NULL, NULL, 0, 256, '', 1, NULL, '', 1),
(44, 5, NULL, 18, 'Hora inicio', 'cad_hora_inicio', NULL, NULL, 0, NULL, '', 1, NULL, '', 1),
(45, 5, NULL, 18, 'Hora término', 'cad_hora_termino', NULL, NULL, 0, NULL, '', 1, NULL, '', 1),
(46, 1, NULL, 18, 'Url', 'cad_url', NULL, NULL, 0, 256, '', 0, NULL, '', 1),
(47, 7, NULL, 18, 'Estado', 'cad_estado', NULL, NULL, 0, 1, '', 0, NULL, '', 1),
(48, 2, 1, 18, 'Hotel', 'cad_hotel', 14, 11, 0, 11, '', 0, NULL, '', 1),
(49, 2, NULL, 19, 'Código', 'secc_codigo', NULL, NULL, 1, 11, '', 0, NULL, '', 1),
(50, 1, NULL, 19, 'Título', 'secc_titulo', NULL, NULL, 0, 256, '', 0, NULL, '', 1),
(51, 8, NULL, 19, 'Bajada', 'secc_bajada', NULL, NULL, 0, NULL, '', 1, NULL, '', 1),
(52, 1, NULL, 19, 'Link', 'secc_link', NULL, NULL, 0, 256, '', 1, NULL, '', 1),
(53, 1, NULL, 19, 'Nombre link', 'secc_nombre_link', NULL, NULL, 0, 256, '', 1, NULL, '', 1),
(54, 7, NULL, 19, 'Tipo de imagen', 'secc_tipo_de_imagen', NULL, NULL, 0, 1, '', 0, NULL, '1:imagen lateral; 2:imagen fondo', 1),
(55, 1, NULL, 19, 'Imagen adjunta fondo', 'secc_imagen_adjunta_fondo', NULL, NULL, 0, 256, '', 1, NULL, '', 1),
(56, 1, NULL, 19, 'Imagen adjunta lateral', 'secc_imagen_adjunta_lateral', NULL, NULL, 0, 256, '', 1, NULL, '', 1),
(57, 2, NULL, 19, 'Orden', 'secc_orden', NULL, NULL, 0, 11, '', 0, NULL, '', 1),
(58, 1, NULL, 19, 'Url', 'secc_url', NULL, NULL, 0, 256, '', 0, NULL, '', 1),
(59, 7, NULL, 19, 'Estado', 'secc_estado', NULL, NULL, 0, 1, '', 0, NULL, '', 1),
(60, 2, 1, 19, 'Hotel', 'secc_hotel', 14, 11, 0, 11, '', 0, NULL, '', 1),
(61, 2, NULL, 20, 'Código', 'tes_codigo', NULL, NULL, 1, 11, '', 0, NULL, '', 1),
(62, 1, NULL, 20, 'Nombre', 'tes_nombre', NULL, NULL, 0, 256, '', 0, NULL, '', 1),
(63, 8, NULL, 20, 'Testimonio', 'tes_testimonio', NULL, NULL, 0, NULL, '', 0, NULL, '', 1),
(64, 1, NULL, 20, 'Imagen adjunta', 'tes_imagen_adjunta', NULL, NULL, 0, 256, '', 1, NULL, '', 1),
(65, 2, NULL, 20, 'Orden', 'tes_orden', NULL, NULL, 0, 11, '', 0, NULL, '', 1),
(66, 1, NULL, 20, 'Url', 'tes_url', NULL, NULL, 0, 256, '', 0, NULL, '', 1),
(67, 7, NULL, 20, 'Estado', 'tes_estado', NULL, NULL, 0, 1, '', 0, NULL, '', 1),
(68, 2, 1, 20, 'Hotel', 'tes_hotel', 14, 11, 0, 11, '', 0, NULL, '', 1),
(69, 2, NULL, 21, 'Código', 'ban_codigo', NULL, NULL, 1, 11, '', 0, NULL, '', 1),
(70, 1, NULL, 21, 'Nombre', 'ban_nombre', NULL, NULL, 0, 256, '', 0, NULL, '', 1),
(71, 1, NULL, 21, 'Imagen adjunta', 'ban_imagen_adjunta', NULL, NULL, 0, 256, '', 1, NULL, '', 1),
(72, 1, NULL, 21, 'Link', 'ban_link', NULL, NULL, 0, 256, '', 1, NULL, '', 1),
(73, 2, NULL, 21, 'Orden', 'ban_orden', NULL, NULL, 0, 11, '', 0, NULL, '', 1),
(74, 1, NULL, 21, 'Url', 'ban_url', NULL, NULL, 0, 256, '', 0, NULL, '', 1),
(75, 7, NULL, 21, 'Estado', 'ban_estado', NULL, NULL, 0, 1, '', 0, NULL, '', 1),
(76, 2, NULL, 22, 'Código', 'habi_codigo', NULL, NULL, 1, 11, '', 0, NULL, '', 1),
(77, 1, NULL, 22, 'Ruta grande', 'habi_ruta_grande', NULL, NULL, 0, 256, '', 1, NULL, '', 1),
(78, 1, NULL, 22, 'Ruta interna', 'habi_ruta_interna', NULL, NULL, 0, 256, '', 1, NULL, '', 1),
(79, 2, 1, 22, 'Habitación', 'habi_habitacion', 15, 16, 0, 11, '', 0, NULL, '', 1),
(80, 2, 1, 21, 'Hotel', 'ban_hotel', 14, 11, 0, 11, '', 0, NULL, '', 1),
(81, 2, NULL, 14, 'Orden', 'ho_orden', NULL, NULL, 0, 11, '', 0, NULL, '', 1),
(82, 2, NULL, 23, 'Código', 'pro_codigo', NULL, NULL, 1, 11, '', 0, NULL, '', 1),
(83, 1, NULL, 23, 'Nombre', 'pro_nombre', NULL, NULL, 0, 256, '', 0, NULL, '', 1),
(84, 1, NULL, 23, 'Imagen adjunta banner', 'pro_imagen_adjunta_banner', NULL, NULL, 0, 256, '', 1, NULL, '', 1),
(85, 1, NULL, 23, 'Imagen adjunta detalle', 'pro_imagen_adjunta_detalle', NULL, NULL, 0, 256, '', 1, NULL, '', 1),
(86, 8, NULL, 23, 'Descripción', 'pro_descripcion', NULL, NULL, 0, NULL, '', 1, NULL, '', 1),
(87, 2, NULL, 23, 'Orden', 'pro_orden', NULL, NULL, 0, 11, '', 1, NULL, '', 1),
(88, 7, NULL, 23, 'Estado', 'pro_estado', NULL, NULL, 0, 1, '', 0, NULL, '', 1),
(89, 2, NULL, 24, 'Código', 'proh_codigo', NULL, NULL, 1, 11, '', 0, NULL, '', 1),
(90, 2, 1, 24, 'Promoción', 'proh_promocion', 23, 82, 0, 11, '', 0, NULL, '', 1),
(91, 2, 1, 24, 'Hotel', 'proh_hotel', 14, 11, 0, 11, '', 0, NULL, '', 1),
(92, 2, NULL, 25, 'Código', 'proa_codigo', NULL, NULL, 1, 11, '', 0, NULL, '', 1),
(93, 1, NULL, 25, 'Nombre', 'proa_nombre', NULL, NULL, 0, 256, '', 1, NULL, '', 1),
(94, 1, NULL, 25, 'Ruta', 'proa_ruta', NULL, NULL, 0, 256, '', 1, NULL, '', 1),
(95, 1, NULL, 25, 'Extensión', 'proa_extension', NULL, NULL, 0, 256, '', 0, NULL, '', 1),
(96, 1, NULL, 25, 'Peso', 'proa_peso', NULL, NULL, 0, 256, '', 1, NULL, '', 1),
(97, 2, 1, 25, 'Promoción', 'proa_promocion', 23, 82, 0, 11, '', 0, NULL, '', 1),
(98, 1, NULL, 23, 'Url', 'pro_url', NULL, NULL, 0, 256, '', 0, NULL, '', 1),
(99, 1, NULL, 23, 'Imagen adjunta detalle grande', 'pro_imagen_adjunta_detalle_grande', NULL, NULL, 0, 256, '', 1, NULL, '', 1),
(100, 2, NULL, 13, 'Tipo Sección', 'sli_tipo_seccion', NULL, NULL, 0, 11, '', 1, NULL, 'Indica a que sección corresponde el slider', 1),
(101, 2, NULL, 16, 'Tipo Sección', 'sec_tipo_seccion', NULL, NULL, 0, 11, '', 1, NULL, 'Indica a que sección corresponde el servicio complementario', 1),
(102, 2, NULL, 17, 'Tipo Sección', 'act_tipo_seccion', NULL, NULL, 0, 11, '', 1, NULL, 'Indica a que sección del sitio corresponde la actividad', 1),
(103, 2, NULL, 15, 'Tipo Sección', 'hab_tipo_seccion', NULL, NULL, 0, 11, '', 1, NULL, 'Indica a que sección pertenece la habitación', 1),
(104, 2, NULL, 19, 'Tipo Sección', 'secc_tipo_seccion', NULL, NULL, 0, 11, '', 1, NULL, 'Indica a que sección pertenece la sección', 1),
(105, 2, NULL, 26, 'Código', 'cts_codigo', NULL, NULL, 1, 11, '', 0, NULL, '', 1),
(106, 1, NULL, 26, 'Nombre', 'cts_nombre', NULL, NULL, 0, 256, '', 0, NULL, '', 1),
(107, 2, NULL, 27, 'Código', 'prv_codigo', NULL, NULL, 1, 11, '', 0, NULL, '', 1),
(108, 8, NULL, 27, 'Contenido', 'prv_contenido', NULL, NULL, 0, NULL, '', 1, NULL, '', 1),
(109, 2, NULL, 27, 'Tipo Sección', 'prv_tipo_seccion', NULL, NULL, 0, 11, '', 1, NULL, 'Indica la sección del programa', 1),
(110, 2, NULL, 21, 'Tipo Sección', 'ban_tipo_seccion', NULL, NULL, 0, 11, '', 1, NULL, 'Indica la sección del banner', 1),
(111, 1, NULL, 17, 'Imagen adjunta 2', 'act_imagen_adjunta_2', NULL, NULL, 0, 256, '', 1, NULL, '', 1),
(112, 2, NULL, 28, 'Código', 'tec_codigo', NULL, NULL, 1, 11, '', 0, NULL, '', 1),
(113, 1, NULL, 28, 'Nombre', 'tec_nombre', NULL, NULL, 0, 256, '', 0, NULL, '', 1),
(114, 1, NULL, 28, 'Url', 'tec_url', NULL, NULL, 0, 256, '', 0, NULL, '', 1),
(115, 2, NULL, 28, 'Orden', 'tec_orden', NULL, NULL, 0, 11, '', 0, NULL, '', 1),
(116, 7, NULL, 28, 'Estado', 'tec_estado', NULL, NULL, 0, 1, '', 0, NULL, '', 1),
(117, 2, NULL, 29, 'Código', 'cac_codigo', NULL, NULL, 1, 11, '', 0, NULL, '', 1),
(118, 1, NULL, 29, 'Nombre', 'cac_nombre', NULL, NULL, 0, 256, '', 0, NULL, '', 1),
(119, 1, NULL, 29, 'Url', 'cac_url', NULL, NULL, 0, 256, '', 0, NULL, '', 1),
(120, 2, NULL, 29, 'Orden', 'cac_orden', NULL, NULL, 0, 11, '', 0, NULL, '', 1),
(121, 7, NULL, 29, 'Estado', 'cac_estado', NULL, NULL, 0, 1, '', 0, NULL, '', 1),
(122, 2, NULL, 30, 'Código', 'can_codigo', NULL, NULL, 1, 11, '', 0, NULL, '', 1),
(123, 1, NULL, 30, 'Nombre', 'can_nombre', NULL, NULL, 0, 256, '', 0, NULL, '', 1),
(124, 1, NULL, 30, 'Url', 'can_url', NULL, NULL, 0, 256, '', 0, NULL, '', 1),
(125, 2, NULL, 30, 'Orden', 'can_orden', NULL, NULL, 0, 11, '', 0, NULL, '', 1),
(126, 7, NULL, 30, 'Estado', 'can_estado', NULL, NULL, 0, 1, '', 0, NULL, '', 1),
(127, 2, NULL, 31, 'Código', 'camv_codigo', NULL, NULL, 1, 11, '', 0, NULL, '', 1),
(128, 1, NULL, 31, 'Nombre', 'camv_nombre', NULL, NULL, 0, 256, '', 0, NULL, '', 1),
(129, 8, NULL, 31, 'Descripción', 'camv_descripcion', NULL, NULL, 0, NULL, '', 1, NULL, '', 1),
(130, 1, NULL, 31, 'Iframe', 'camv_iframe', NULL, NULL, 0, 256, '', 1, NULL, '', 1),
(131, 2, NULL, 31, 'Orden', 'camv_orden', NULL, NULL, 0, 11, '', 0, NULL, '', 1),
(132, 7, NULL, 31, 'Estado', 'camv_estado', NULL, NULL, 0, 1, '', 0, NULL, '', 1),
(133, 1, NULL, 31, 'Url', 'camv_url', NULL, NULL, 0, 256, '', 0, NULL, '', 1),
(134, 2, NULL, 32, 'Código', 'asuc_codigo', NULL, NULL, 1, 11, '', 0, NULL, '', 1),
(135, 1, NULL, 32, 'Nombre', 'asuc_nombre', NULL, NULL, 0, 256, '', 0, NULL, '', 1),
(136, 1, NULL, 32, 'Url', 'asuc_url', NULL, NULL, 0, 256, '', 0, NULL, '', 1),
(137, 1, NULL, 32, 'Email destino', 'asuc_email_destino', NULL, NULL, 0, 256, '', 0, NULL, '', 1),
(138, 2, NULL, 32, 'Orden', 'asuc_orden', NULL, NULL, 0, 11, '', 0, NULL, '', 1),
(139, 7, NULL, 32, 'Estado', 'asuc_estado', NULL, NULL, 0, 1, '', 0, NULL, '', 1),
(140, 2, NULL, 33, 'Código', 'art_codigo', NULL, NULL, 1, 11, '', 0, NULL, '', 1),
(141, 1, NULL, 33, 'Nombre', 'art_nombre', NULL, NULL, 0, 256, '', 0, NULL, '', 1),
(142, 1, NULL, 33, 'Url', 'art_url', NULL, NULL, 0, 256, '', 0, NULL, '', 1),
(143, 1, NULL, 33, 'Email destino', 'art_email_destino', NULL, NULL, 0, 256, '', 0, NULL, '', 1),
(144, 2, NULL, 33, 'Orden', 'art_orden', NULL, NULL, 0, 11, '', 0, NULL, '', 1),
(145, 7, NULL, 33, 'Estado', 'art_estado', NULL, NULL, 0, 1, '', 0, NULL, '', 1),
(146, 2, NULL, 34, 'Código', 'dag_codigo', NULL, NULL, 1, 11, '', 0, NULL, '', 1),
(147, 1, NULL, 34, 'Metadato título', 'dag_metadato_titulo', NULL, NULL, 0, 256, '', 1, NULL, '', 1),
(148, 8, NULL, 34, 'Metadato descripción', 'dag_metadato_descripcion', NULL, NULL, 0, NULL, '', 1, NULL, '', 1),
(149, 8, NULL, 34, 'Metadato keywords', 'dag_metadato_keywords', NULL, NULL, 0, NULL, '', 1, NULL, '', 1),
(150, 1, NULL, 34, 'Reserva télefono', 'dag_reserva_telefono', NULL, NULL, 0, 256, '', 1, NULL, '', 1),
(151, 1, NULL, 34, 'Reserva teléfono extranjero', 'dag_reserva_telefono_extranjero', NULL, NULL, 0, 256, '', 1, NULL, '', 1),
(152, 1, NULL, 34, 'Reserva Email', 'dag_reserva_email', NULL, NULL, 0, 256, '', 1, NULL, '', 1),
(153, 1, NULL, 34, 'Chillán teléfono', 'dag_chillan_telefono', NULL, NULL, 0, 256, '', 1, NULL, '', 1),
(154, 1, NULL, 34, 'Chillán Email', 'dag_chillan_email', NULL, NULL, 0, 256, '', 1, NULL, '', 1),
(155, 8, NULL, 34, 'Chillán horario', 'dag_chillan_horario', NULL, NULL, 0, NULL, '', 1, NULL, '', 1),
(156, 1, NULL, 34, 'Concepción teléfono', 'dag_concepcion_telefono', NULL, NULL, 0, 256, '', 1, NULL, '', 1),
(157, 1, NULL, 34, 'Concepción Email', 'dag_concepcion_email', NULL, NULL, 0, 256, '', 1, NULL, '', 1),
(158, 1, NULL, 34, 'Concepción horario', 'dag_concepcion_horario', NULL, NULL, 0, 256, '', 1, NULL, '', 1),
(159, 1, NULL, 34, 'Facebook', 'dag_facebook', NULL, NULL, 0, 256, '', 1, NULL, '', 1),
(160, 1, NULL, 34, 'Instagram', 'dag_instagram', NULL, NULL, 0, 256, '', 1, NULL, '', 1),
(161, 1, NULL, 34, 'Twitter', 'dag_twitter', NULL, NULL, 0, 256, '', 1, NULL, '', 1),
(162, 2, NULL, 35, 'Código', 'calg_codigo', NULL, NULL, 1, 11, '', 0, NULL, '', 1),
(163, 1, NULL, 35, 'Título', 'calg_titulo', NULL, NULL, 0, 256, '', 0, NULL, '', 1),
(164, 1, NULL, 35, 'Url', 'calg_url', NULL, NULL, 0, 256, '', 0, NULL, '', 1),
(165, 4, NULL, 35, 'Fecha inicio', 'calg_fecha_inicio', NULL, NULL, 0, NULL, '', 0, NULL, '', 1),
(166, 5, NULL, 35, 'Hora inicio', 'calg_hora_inicio', NULL, NULL, 0, NULL, '', 1, NULL, '', 1),
(167, 4, NULL, 35, 'Fecha término', 'calg_fecha_termino', NULL, NULL, 0, NULL, '', 1, NULL, '', 1),
(168, 5, NULL, 35, 'Hora término', 'calg_hora_termino', NULL, NULL, 0, NULL, '', 1, NULL, '', 1),
(169, 7, NULL, 35, 'Solo este día', 'calg_solo_este_dia', NULL, NULL, 0, 1, '', 1, NULL, '', 1),
(170, 1, NULL, 35, 'Lugar', 'calg_lugar', NULL, NULL, 0, 256, '', 1, NULL, '', 1),
(171, 8, NULL, 35, 'Resumen', 'calg_resumen', NULL, NULL, 0, NULL, '', 1, NULL, '', 1),
(172, 8, NULL, 35, 'Descripción', 'calg_descripcion', NULL, NULL, 0, NULL, '', 1, NULL, '', 1),
(173, 1, NULL, 35, 'Imagen adjunta', 'calg_imagen_adjunta', NULL, NULL, 0, 256, '', 1, NULL, '', 1),
(174, 2, 1, 35, 'Categoría', 'calg_categoria', 29, 117, 0, 11, '', 1, NULL, '', 1),
(175, 2, 1, 35, 'Temporada', 'calg_temporada', 28, 112, 0, 11, '', 1, NULL, '', 1),
(176, 7, NULL, 35, 'Estado', 'calg_estado', NULL, NULL, 0, 1, '', 0, NULL, '', 1),
(177, 1, NULL, 35, 'Imagen adjunta grande', 'calg_imagen_adjunta_grande', NULL, NULL, 0, 256, '', 1, NULL, '', 1),
(178, 2, NULL, 36, 'Código', 'scts_codigo', NULL, NULL, 1, 11, '', 0, NULL, '', 1),
(179, 2, 1, 36, 'Servicio Complementario', 'scts_servicio_complementario', 16, 24, 0, 11, '', 0, NULL, '', 1),
(180, 2, 1, 36, 'Tipo Sección', 'scts_tipo_seccion', 26, 105, 0, 11, '', 0, NULL, '', 1),
(181, 2, NULL, 26, 'Orden', 'cts_orden', NULL, NULL, 0, 11, '', 0, NULL, '', 1),
(182, 7, NULL, 26, 'Para select', 'cts_para_select', NULL, NULL, 0, 1, '', 1, NULL, 'Indica si la sección será visible en un select o no', 1),
(183, 2, NULL, 37, 'Código', 'not_codigo', NULL, NULL, 1, 11, '', 0, NULL, '', 1),
(184, 1, NULL, 37, 'Título', 'not_titulo', NULL, NULL, 0, 256, '', 0, NULL, '', 1),
(185, 4, NULL, 37, 'Fecha publicación', 'not_fecha_publicacion', NULL, NULL, 0, NULL, '', 1, NULL, '', 1),
(186, 8, NULL, 37, 'Resumen', 'not_resumen', NULL, NULL, 0, NULL, '', 1, NULL, '', 1),
(187, 8, NULL, 37, 'Descripción', 'not_descripcion', NULL, NULL, 0, NULL, '', 1, NULL, '', 1),
(188, 2, 1, 37, 'Categoría', 'not_categoria', 30, 122, 0, 11, '', 1, NULL, '', 1),
(189, 1, NULL, 37, 'Url', 'not_url', NULL, NULL, 0, 256, '', 0, NULL, '', 1),
(190, 7, NULL, 37, 'Estado', 'not_estado', NULL, NULL, 0, 1, '', 0, NULL, '', 1),
(191, 2, NULL, 38, 'Código', 'noti_codigo', NULL, NULL, 1, 11, '', 0, NULL, '', 1),
(192, 1, NULL, 38, 'Ruta grande', 'noti_ruta_grande', NULL, NULL, 0, 256, '', 1, NULL, '', 1),
(193, 1, NULL, 38, 'Ruta interna', 'noti_ruta_interna', NULL, NULL, 0, 256, '', 1, NULL, '', 1),
(194, 2, 1, 38, 'Noticia', 'noti_noticia', 37, 183, 0, 11, '', 0, NULL, '', 1),
(195, 2, NULL, 39, 'Código', 'acd_codigo', NULL, NULL, 1, 11, '', 0, NULL, '', 1),
(196, 1, NULL, 39, 'Título', 'acd_titulo', NULL, NULL, 0, 256, '', 0, NULL, '', 1),
(197, 1, NULL, 39, 'Url', 'acd_url', NULL, NULL, 0, 256, '', 0, NULL, '', 1),
(198, 8, NULL, 39, 'Resumen', 'acd_resumen', NULL, NULL, 0, NULL, '', 1, NULL, '', 1),
(199, 1, NULL, 39, 'Link', 'acd_link', NULL, NULL, 0, 256, '', 1, NULL, '', 1),
(200, 1, NULL, 39, 'Imagen adjunta', 'acd_imagen_adjunta', NULL, NULL, 0, 256, '', 1, NULL, '', 1),
(201, 1, NULL, 39, 'Imagen adjunta 2', 'acd_imagen_adjunta_2', NULL, NULL, 0, 256, '', 1, NULL, '', 1),
(202, 2, NULL, 39, 'Orden', 'acd_orden', NULL, NULL, 0, 11, '', 1, NULL, '', 1),
(203, 7, NULL, 39, 'Estado', 'acd_estado', NULL, NULL, 0, 1, '', 0, NULL, '', 1),
(204, 2, NULL, 40, 'Código', 'aus_codigo', NULL, NULL, 1, 11, '', 0, NULL, '', 1),
(205, 1, NULL, 40, 'Nombre', 'aus_nombre', NULL, NULL, 0, 256, '', 0, NULL, '', 1),
(206, 1, NULL, 40, 'Url', 'aus_url', NULL, NULL, 0, 256, '', 0, NULL, '', 1),
(207, 1, NULL, 40, 'Imagen adjunta', 'aus_imagen_adjunta', NULL, NULL, 0, 256, '', 1, NULL, '', 1),
(208, 2, NULL, 40, 'Orden', 'aus_orden', NULL, NULL, 0, 11, '', 0, NULL, '', 1),
(209, 7, NULL, 40, 'Estado', 'aus_estado', NULL, NULL, 0, 1, '', 0, NULL, '', 1),
(210, 2, NULL, 41, 'Código', 'ipp_codigo', NULL, NULL, 1, 11, '', 0, NULL, '', 1),
(211, 8, NULL, 41, 'Descripción', 'ipp_descripcion', NULL, NULL, 0, NULL, '', 1, NULL, '', 1),
(212, 2, NULL, 42, 'Código', 'ippi_codigo', NULL, NULL, 1, 11, '', 0, NULL, '', 1),
(213, 1, NULL, 42, 'Ruta grande', 'ippi_ruta_grande', NULL, NULL, 0, 256, '', 1, NULL, '', 1),
(214, 1, NULL, 42, 'Ruta interna', 'ippi_ruta_interna', NULL, NULL, 0, 256, '', 1, NULL, '', 1),
(215, 2, 1, 42, 'Información para prensa', 'ippi_informacion_para_prensa', 41, 210, 0, 11, '', 0, NULL, '', 1),
(216, 2, NULL, 43, 'Código', 'ippa_codigo', NULL, NULL, 1, 11, '', 0, NULL, '', 1),
(217, 1, NULL, 43, 'Nombre', 'ippa_nombre', NULL, NULL, 0, 256, '', 1, NULL, '', 1),
(218, 1, NULL, 43, 'Ruta', 'ippa_ruta', NULL, NULL, 0, 256, '', 0, NULL, '', 1),
(219, 1, NULL, 43, 'Extensión', 'ippa_extension', NULL, NULL, 0, 256, '', 0, NULL, '', 1),
(220, 1, NULL, 43, 'Peso', 'ippa_peso', NULL, NULL, 0, 256, '', 0, NULL, '', 1),
(221, 2, 1, 43, 'Información para prensa', 'ippa_informacion_para_prensa', 41, 210, 0, 11, '', 0, NULL, '', 1),
(222, 2, NULL, 44, 'Código', 'caf_codigo', NULL, NULL, 1, 11, '', 0, NULL, '', 1),
(223, 1, NULL, 44, 'Nombre', 'caf_nombre', NULL, NULL, 0, 256, '', 0, NULL, '', 1),
(224, 1, NULL, 44, 'Url', 'caf_url', NULL, NULL, 0, 256, '', 0, NULL, '', 1),
(225, 1, NULL, 44, 'Imagen adjunta', 'caf_imagen_adjunta', NULL, NULL, 0, 256, '', 1, NULL, '', 1),
(226, 2, NULL, 44, 'Orden', 'caf_orden', NULL, NULL, 0, 11, '', 0, NULL, '', 1),
(227, 7, NULL, 44, 'Estado', 'caf_estado', NULL, NULL, 0, 1, '', 0, NULL, '', 1),
(228, 7, NULL, 23, 'Invierno', 'pro_invierno', NULL, NULL, 0, 1, '', 1, NULL, 'Indica si la promoción está asociada a invierno', 1),
(229, 2, NULL, 45, 'Código', 'map_codigo', NULL, NULL, 1, 11, '', 0, NULL, '', 1),
(230, 1, NULL, 45, 'Nombre', 'map_nombre', NULL, NULL, 0, 256, '', 0, NULL, '', 1),
(231, 1, NULL, 45, 'Url', 'map_url', NULL, NULL, 0, 256, '', 0, NULL, '', 1),
(232, 1, NULL, 45, 'Imagen adjunta', 'map_imagen_adjunta', NULL, NULL, 0, 256, '', 1, NULL, '', 1),
(233, 7, NULL, 45, 'Estado', 'map_estado', NULL, NULL, 0, 1, '', 0, NULL, '', 1),
(234, 2, NULL, 46, 'Código', 'edc_codigo', NULL, NULL, 1, 11, '', 0, NULL, '', 1),
(235, 7, NULL, 46, 'Estado de camino', 'edc_estado_de_camino', NULL, NULL, 0, 1, '', 0, NULL, '', 1),
(236, 1, NULL, 46, 'Tránsito', 'edc_transito', NULL, NULL, 0, 256, '', 1, NULL, '', 1),
(237, 1, NULL, 46, 'Porte de cadenas', 'edc_porte_de_cadenas', NULL, NULL, 0, 256, '', 1, NULL, '', 1),
(238, 1, NULL, 46, 'Uso de cadenas', 'edc_uso_de_cadenas', NULL, NULL, 0, 256, '', 1, NULL, '', 1),
(239, 8, NULL, 46, 'Horarios', 'edc_horarios', NULL, NULL, 0, NULL, '', 1, NULL, '', 1),
(240, 8, NULL, 46, 'Observaciones', 'edc_observaciones', NULL, NULL, 0, NULL, '', 1, NULL, '', 1),
(241, 2, NULL, 47, 'Código', 'niv_codigo', NULL, NULL, 1, 11, '', 0, NULL, '', 1),
(242, 1, NULL, 47, 'Nieve acumulada', 'niv_nieve_acumulada', NULL, NULL, 0, 256, '', 1, NULL, '', 1),
(243, 1, NULL, 47, 'Nieve caída 24h', 'niv_nieve_caida_24h', NULL, NULL, 0, 256, '', 1, NULL, '', 1),
(244, 1, NULL, 47, 'Nieve caída 48h', 'niv_nieve_caida_48h', NULL, NULL, 0, 256, '', 1, NULL, '', 1),
(245, 1, NULL, 47, 'Nieve pisada canchas', 'niv_nieve_pisada_canchas', NULL, NULL, 0, 256, '', 1, NULL, '', 1),
(246, 1, NULL, 47, 'Calidad nieve', 'niv_calidad_nieve', NULL, NULL, 0, 256, '', 1, NULL, '', 1),
(247, 1, NULL, 47, 'Velocidad viento', 'niv_velocidad_viento', NULL, NULL, 0, 256, '', 1, NULL, '', 1),
(248, 2, NULL, 48, 'Código', 'edp_codigo', NULL, NULL, 1, 11, '', 0, NULL, '', 1),
(249, 1, NULL, 48, 'Nombre', 'edp_nombre', NULL, NULL, 0, 256, '', 0, NULL, '', 1),
(250, 1, NULL, 48, 'Url', 'edp_url', NULL, NULL, 0, 256, '', 0, NULL, '', 1),
(251, 1, NULL, 48, 'Dificultad', 'edp_dificultad', NULL, NULL, 0, 256, '', 1, NULL, '', 1),
(252, 7, NULL, 48, 'Estado pista', 'edp_estado_pista', NULL, NULL, 0, 1, '', 0, NULL, '', 1),
(253, 2, NULL, 48, 'Orden', 'edp_orden', NULL, NULL, 0, 11, '', 0, NULL, '', 1),
(254, 7, NULL, 48, 'Estado', 'edp_estado', NULL, NULL, 0, 1, '', 0, NULL, '', 1),
(255, 2, NULL, 49, 'Código', 'eda_codigo', NULL, NULL, 1, 11, '', 0, NULL, '', 1),
(256, 1, NULL, 49, 'Nombre', 'eda_nombre', NULL, NULL, 0, 256, '', 0, NULL, '', 1),
(257, 1, NULL, 49, 'Url', 'eda_url', NULL, NULL, 0, 256, '', 0, NULL, '', 1),
(258, 7, NULL, 49, 'Estado andarivel', 'eda_estado_andarivel', NULL, NULL, 0, 1, '', 0, NULL, '', 1),
(259, 2, NULL, 49, 'Orden', 'eda_orden', NULL, NULL, 0, 11, '', 0, NULL, '', 1),
(260, 7, NULL, 49, 'Estado', 'eda_estado', NULL, NULL, 0, 1, '', 0, NULL, '', 1),
(261, 2, NULL, 50, 'Código', 'hop_codigo', NULL, NULL, 1, 11, '', 0, NULL, '', 1),
(262, 1, NULL, 50, 'Título', 'hop_titulo', NULL, NULL, 0, 256, '', 0, NULL, '', 1),
(263, 8, NULL, 50, 'Bajada', 'hop_bajada', NULL, NULL, 0, NULL, '', 1, NULL, '', 1),
(264, 1, NULL, 50, 'Imagen adjunta', 'hop_imagen_adjunta', NULL, NULL, 0, 256, '', 1, NULL, '', 1),
(265, 1, NULL, 50, 'Link', 'hop_link', NULL, NULL, 0, 256, '', 1, NULL, '', 1),
(266, 2, NULL, 50, 'Orden', 'hop_orden', NULL, NULL, 0, 11, '', 0, NULL, '', 1),
(267, 1, NULL, 50, 'Url', 'hop_url', NULL, NULL, 0, 256, '', 0, NULL, '', 1),
(268, 7, NULL, 50, 'Estado', 'hop_estado', NULL, NULL, 0, 1, '', 0, NULL, '', 1),
(269, 2, NULL, 51, 'Código', 'cni_codigo', NULL, NULL, 1, 11, '', 0, NULL, '', 1),
(270, 8, NULL, 51, 'Descripción', 'cni_descripcion', NULL, NULL, 0, NULL, '', 1, NULL, '', 1),
(271, 2, NULL, 52, 'Código', 'cnii_codigo', NULL, NULL, 1, 11, '', 0, NULL, '', 1),
(272, 1, NULL, 52, 'Ruta grande', 'cnii_ruta_grande', NULL, NULL, 0, 256, '', 1, NULL, '', 1),
(273, 1, NULL, 52, 'Ruta interna', 'cnii_ruta_interna', NULL, NULL, 0, 256, '', 1, NULL, '', 1),
(274, 2, 1, 52, 'Conoce nuestras instalaciones', 'cnii_conoce_nuestras_instalaciones', 51, 269, 0, 11, '', 1, NULL, '', 1),
(275, 2, NULL, 53, 'Código', 'prg_codigo', NULL, NULL, 1, 11, '', 0, NULL, '', 1),
(276, 1, NULL, 53, 'Nombre', 'prg_nombre', NULL, NULL, 0, 256, '', 0, NULL, '', 1),
(277, 1, NULL, 53, 'Url', 'prg_url', NULL, NULL, 0, 256, '', 0, NULL, '', 1),
(278, 8, NULL, 53, 'Descripción', 'prg_descripcion', NULL, NULL, 0, NULL, '', 1, NULL, '', 1),
(279, 1, NULL, 53, 'Imagen adjunta', 'prg_imagen_adjunta', NULL, NULL, 0, 256, '', 1, NULL, '', 1),
(280, 1, NULL, 53, 'Archivo adjunto', 'prg_archivo_adjunto', NULL, NULL, 0, 256, '', 1, NULL, '', 1),
(281, 7, NULL, 53, 'Estado', 'prg_estado', NULL, NULL, 0, 1, '', 0, NULL, '', 1),
(282, 2, NULL, 54, 'Código', 'bip_codigo', NULL, NULL, 1, 11, '', 0, NULL, '', 1),
(283, 8, NULL, 54, 'Descripción', 'bip_descripcion', NULL, NULL, 0, NULL, '', 1, NULL, '', 1),
(284, 1, NULL, 54, 'Imagen adjunta', 'bip_imagen_adjunta', NULL, NULL, 0, 256, '', 1, NULL, '', 1),
(285, 4, NULL, 20, 'Fecha', 'tes_fecha', NULL, NULL, 0, NULL, '', 1, NULL, '', 1),
(286, 1, NULL, 19, 'Link 2', 'secc_link_2', NULL, NULL, 0, 256, '', 1, NULL, '', 1),
(287, 1, NULL, 19, 'Nombre link 2', 'secc_nombre_link_2', NULL, NULL, 0, 256, '', 1, NULL, '', 1),
(288, 1, NULL, 19, 'Link 3', 'secc_link_3', NULL, NULL, 0, 256, '', 1, NULL, '', 1),
(289, 1, NULL, 19, 'Nombre link 3', 'secc_nombre_link_3', NULL, NULL, 0, 256, '', 1, NULL, '', 1),
(290, 1, NULL, 19, 'Imagen adjunta', 'secc_imagen_adjunta', NULL, NULL, 0, 256, '', 1, NULL, '', 1),
(291, 1, NULL, 19, 'Nombre imagen adjunta', 'secc_nombre_imagen_adjunta', NULL, NULL, 0, 256, '', 1, NULL, '', 1),
(292, 1, NULL, 15, 'Imagen adjunta', 'hab_imagen_adjunta', NULL, NULL, 0, 256, '', 1, NULL, '', 1),
(293, 1, NULL, 15, 'Nombre imagen adjunta', 'hab_nombre_imagen_adjunta', NULL, NULL, 0, 256, '', 1, NULL, '', 1),
(294, 2, NULL, 55, 'Código', 'fre_codigo', NULL, NULL, 1, 11, '', 0, NULL, '', 1),
(295, 8, NULL, 55, 'Contenido', 'fre_contenido', NULL, NULL, 0, NULL, '', 1, NULL, '', 1),
(296, 2, NULL, 56, 'Código', 'col_codigo', NULL, NULL, 1, 11, '', 0, NULL, '', 1),
(297, 1, NULL, 56, 'Nombre', 'col_nombre', NULL, NULL, 0, 256, '', 1, NULL, '', 1),
(298, 1, NULL, 56, 'Url', 'col_url', NULL, NULL, 0, 256, '', 1, NULL, '', 1),
(299, 8, NULL, 56, 'Descripción', 'col_descripcion', NULL, NULL, 0, NULL, '', 1, NULL, '', 1),
(300, 2, NULL, 56, 'Orden', 'col_orden', NULL, NULL, 0, 11, '', 1, NULL, '', 1),
(301, 7, NULL, 56, 'Estado', 'col_estado', NULL, NULL, 0, 1, '', 0, NULL, '', 1),
(302, 2, NULL, 57, 'Código', 'prf_codigo', NULL, NULL, 1, 11, '', 0, NULL, '', 1),
(303, 1, NULL, 57, 'Pregunta', 'prf_pregunta', NULL, NULL, 0, 256, '', 1, NULL, '', 1),
(304, 1, NULL, 57, 'Url', 'prf_url', NULL, NULL, 0, 256, '', 1, NULL, '', 1),
(305, 8, NULL, 57, 'Descripción', 'prf_descripcion', NULL, NULL, 0, NULL, '', 1, NULL, '', 1),
(306, 2, NULL, 57, 'Orden', 'prf_orden', NULL, NULL, 0, 11, '', 0, NULL, '', 1),
(307, 7, NULL, 57, 'Estado', 'prf_estado', NULL, NULL, 0, 1, '', 0, NULL, '', 1),
(308, 2, NULL, 58, 'Código', 'cor_codigo', NULL, NULL, 1, 11, '', 0, NULL, '', 1),
(309, 1, NULL, 58, 'Título', 'cor_titulo', NULL, NULL, 0, 256, '', 0, NULL, '', 1),
(310, 1, NULL, 58, 'Url', 'cor_url', NULL, NULL, 0, 256, '', 0, NULL, '', 1),
(311, 8, NULL, 58, 'Descripción', 'cor_descripcion', NULL, NULL, 0, NULL, '', 1, NULL, '', 1),
(312, 1, NULL, 58, 'Archivo adjunto', 'cor_archivo_adjunto', NULL, NULL, 0, 256, '', 1, NULL, '', 1),
(313, 2, NULL, 58, 'Orden', 'cor_orden', NULL, NULL, 0, 11, '', 0, NULL, '', 1),
(314, 7, NULL, 58, 'Estado', 'cor_estado', NULL, NULL, 0, 1, '', 0, NULL, '', 1),
(315, 2, NULL, 59, 'Código', 'tcn_codigo', NULL, NULL, 1, 11, '', 0, NULL, '', 1),
(316, 1, NULL, 59, 'Nombre completo', 'tcn_nombre_completo', NULL, NULL, 0, 256, '', 1, NULL, '', 1),
(317, 1, NULL, 59, 'Teléfono', 'tcn_telefono', NULL, NULL, 0, 256, '', 1, NULL, '', 1),
(318, 4, NULL, 59, 'Fecha', 'tcn_fecha', NULL, NULL, 0, NULL, '', 0, NULL, '', 1),
(319, 5, NULL, 59, 'Hora', 'tcn_hora', NULL, NULL, 0, NULL, '', 0, NULL, '', 1),
(320, 1, NULL, 59, 'Email', 'tcn_email', NULL, NULL, 0, 256, '', 1, NULL, '', 1),
(321, 2, 1, 59, 'Área de Trabajo', 'tcn_area_de_trabajo', 33, 140, 0, 11, '', 0, NULL, '', 1),
(322, 1, NULL, 59, 'Archivo adjunto', 'tcn_archivo_adjunto', NULL, NULL, 0, 256, '', 1, NULL, '', 1),
(323, 2, NULL, 60, 'Código', 'con_codigo', NULL, NULL, 1, 11, '', 0, NULL, '', 1),
(324, 1, NULL, 60, 'Nombre completo', 'con_nombre_completo', NULL, NULL, 0, 256, '', 1, NULL, '', 1),
(325, 1, NULL, 60, 'Teléfono', 'con_telefono', NULL, NULL, 0, 256, '', 1, NULL, '', 1),
(326, 4, NULL, 60, 'Fecha', 'con_fecha', NULL, NULL, 0, NULL, '', 1, NULL, '', 1),
(327, 5, NULL, 60, 'Hora', 'con_hora', NULL, NULL, 0, NULL, '', 1, NULL, '', 1),
(328, 1, NULL, 60, 'Email', 'con_email', NULL, NULL, 0, 256, '', 1, NULL, '', 1),
(329, 8, NULL, 60, 'Mensaje', 'con_mensaje', NULL, NULL, 0, NULL, '', 1, NULL, '', 1),
(330, 2, 1, 60, 'Asunto', 'con_asunto', 32, 134, 0, 11, '', 1, NULL, '', 1),
(331, 2, NULL, 61, 'Código', 'adm_codigo', NULL, NULL, 1, 11, '', 0, NULL, '', 1),
(332, 1, NULL, 61, 'Nombre', 'adm_nombre', NULL, NULL, 0, 256, '', 0, NULL, '', 1),
(333, 1, NULL, 61, 'Url', 'adm_url', NULL, NULL, 0, 256, '', 0, NULL, '', 1),
(334, 1, NULL, 61, 'Email', 'adm_email', NULL, NULL, 0, 256, '', 1, NULL, '', 1),
(335, 1, NULL, 61, 'Teléfono', 'adm_telefono', NULL, NULL, 0, 256, '', 1, NULL, '', 1),
(336, 1, NULL, 61, 'Contraseña', 'adm_contrasena', NULL, NULL, 0, 256, '', 1, NULL, '', 1),
(337, 7, NULL, 61, 'Estado', 'adm_estado', NULL, NULL, 0, 1, '', 0, NULL, '', 1),
(338, 1, NULL, 34, 'Youtube', 'dag_youtube', NULL, NULL, 0, 256, '', 1, NULL, '', 1),
(339, 2, NULL, 62, 'Código', 'seu_codigo', NULL, NULL, 1, 11, '', 0, NULL, '', 1),
(340, 1, NULL, 62, 'Nombre', 'seu_nombre', NULL, NULL, 0, 256, '', 0, NULL, '', 1),
(341, 7, NULL, 62, 'Estado', 'seu_estado', NULL, NULL, 0, 1, '', 0, NULL, '', 1),
(342, 2, NULL, 63, 'Código', 'adms_codigo', NULL, NULL, 1, 11, '', 0, NULL, '', 1),
(343, 2, 1, 63, 'Administrador', 'adms_administrador', 61, 331, 0, 11, '', 0, NULL, '', 1),
(344, 2, 1, 63, 'Sección', 'adms_seccion', 62, 339, 0, 11, '', 0, NULL, '', 1),
(345, 1, NULL, 62, 'Url', 'seu_url', NULL, NULL, 0, 256, '', 0, NULL, '', 1),
(346, 2, NULL, 64, 'codigo', 'new_codigo', NULL, NULL, 1, 11, '', 0, NULL, '', 1),
(347, 8, NULL, 64, 'Intereses', 'new_intereses', NULL, NULL, 0, NULL, '', 1, NULL, '', 1),
(348, 2, NULL, 65, 'Codigo', 'lan_codigo', NULL, NULL, 1, 11, '', 0, NULL, '', 1),
(349, 1, NULL, 65, 'Nombre', 'lan_nombre', NULL, NULL, 0, 150, '', 0, NULL, '', 1),
(350, 1, NULL, 65, 'imagen', 'lan_imagen', NULL, NULL, 0, 150, '', 1, NULL, 'imagen portada', 1),
(351, 2, NULL, 66, 'codigo', 'gal_codigo', NULL, NULL, 1, 11, '', 0, NULL, '', 1),
(352, 1, NULL, 66, 'imagen grande', 'gal_imagen_grande', NULL, NULL, 0, 150, '', 1, NULL, '', 1),
(353, 1, NULL, 66, 'imagen chica', 'gal_imagen_chica', NULL, NULL, 0, 150, '', 1, NULL, '', 1),
(354, 2, 1, 65, 'galeria', 'lan_galeria', 66, 351, 0, 11, '', 1, NULL, 'relación con galería', 0),
(355, 8, NULL, 66, 'Descripción', 'gal_descripcion', NULL, NULL, 0, NULL, '', 1, NULL, '', 1),
(356, 7, NULL, 66, 'Formulario contacto', 'gal_formulario_contacto', NULL, NULL, 0, 1, '0', 1, NULL, 'Formulario contacto (SI/No)', 1),
(357, 2, NULL, 67, 'Codigo', 'cont_codigo', NULL, NULL, 1, 11, '', 0, NULL, '', 1),
(358, 1, NULL, 67, 'Nombre', 'cont_nombre', NULL, NULL, 0, 150, '', 0, NULL, 'Nombre completo', 1),
(359, 1, NULL, 67, 'Teléfono', 'cont_telefono', NULL, NULL, 0, 150, '', 1, NULL, '', 1),
(360, 1, NULL, 67, 'Correo', 'cont_correo', NULL, NULL, 0, 150, '', 1, NULL, '', 1),
(361, 2, 1, 67, 'Landing', 'cont_landing', 65, 348, 0, 11, '', 1, NULL, '', 1),
(362, 8, NULL, 67, 'Mensaje', 'cont_mensaje', NULL, NULL, 0, NULL, '', 1, NULL, '', 1),
(363, 1, NULL, 64, 'email', 'new_email', NULL, NULL, 0, 150, '', 0, NULL, '', 1),
(364, 2, NULL, 68, 'Código', 'land_codigo', NULL, NULL, 1, 11, '', 0, NULL, '', 1),
(365, 1, NULL, 68, 'Ruta grande', 'land_ruta_grande', NULL, NULL, 0, 256, '', 1, NULL, '', 1),
(366, 1, NULL, 68, 'Ruta interna', 'land_ruta_interna', NULL, NULL, 0, 256, '', 1, NULL, '', 1),
(367, 2, 1, 68, 'Landing', 'land_landing', 65, 348, 0, 11, '', 0, NULL, '', 1),
(368, 8, NULL, 65, 'Descripción', 'lan_descripcion', NULL, NULL, 0, NULL, '', 1, NULL, '', 1),
(369, 7, NULL, 65, 'Formulario contacto', 'lan_formulario_contacto', NULL, NULL, 0, 1, '0', 0, NULL, 'Formulario contacto', 1),
(370, 1, NULL, 65, 'url', 'lan_url', NULL, NULL, 0, 256, '', 1, NULL, '', 1),
(371, 4, NULL, 67, 'fecha', 'cont_fecha', NULL, NULL, 0, NULL, '', 1, NULL, '', 1),
(372, 1, NULL, 64, 'nombre', 'new_nombre', NULL, NULL, 0, 255, '', 0, NULL, '', 1),
(373, 1, NULL, 34, 'Santiago teléfono', 'dag_santiago_telefono', NULL, NULL, 0, 256, '', 0, NULL, '', 1),
(374, 1, NULL, 34, 'Santiago Email', 'dag_santiago_email', NULL, NULL, 0, 256, '', 1, NULL, '', 1),
(375, 8, NULL, 34, 'Santiago horario', 'dag_santiago_horario', NULL, NULL, 0, NULL, '', 1, NULL, '', 1),
(376, 7, NULL, 23, 'verano', 'pro_verano', NULL, NULL, 0, 1, '', 1, NULL, '', 1),
(377, 2, NULL, 69, 'Código', 'int_codigo', NULL, NULL, 1, 11, '', 0, NULL, '', 1),
(378, 8, NULL, 69, 'Descripción', 'int_descripcion', NULL, NULL, 0, NULL, '', 1, NULL, '', 1),
(379, 2, NULL, 69, 'Tipo Sección', 'int_tipo_seccion', 26, 105, 0, 11, '', 0, NULL, '', 1),
(380, 2, NULL, 70, 'Código', 'bann_codigo', NULL, NULL, 1, 11, '', 0, NULL, '', 1),
(381, 1, NULL, 70, 'Nombre', 'bann_nombre', NULL, NULL, 0, 256, '', 0, NULL, '', 1),
(382, 1, NULL, 70, 'Imagen adjunta', 'bann_imagen_adjunta', NULL, NULL, 0, 256, '', 1, NULL, '', 1),
(383, 1, NULL, 70, 'Link', 'bann_link', NULL, NULL, 0, 256, '', 1, NULL, '', 1),
(384, 2, NULL, 70, 'Orden', 'bann_orden', NULL, NULL, 0, 11, '', 0, NULL, '', 1),
(385, 1, NULL, 70, 'Url', 'bann_url', NULL, NULL, 0, 256, '', 0, NULL, '', 1),
(386, 7, NULL, 70, 'Estado', 'bann_estado', NULL, NULL, 0, 1, '', 0, NULL, '', 1),
(387, 2, 1, 70, 'Tipo Sección', 'bann_tipo_seccion', 26, 105, 0, 11, '', 1, NULL, '', 1),
(388, 7, NULL, 23, 'Evento', 'pro_evento', NULL, NULL, 0, 1, '', 1, NULL, '', 1),
(389, 2, NULL, 71, 'Código', 'cae_codigo', NULL, NULL, 1, 11, '', 0, NULL, '', 1),
(390, 1, NULL, 71, 'Nombre', 'cae_nombre', NULL, NULL, 0, 256, '', 0, NULL, '', 1),
(391, 1, NULL, 71, 'Url', 'cae_url', NULL, NULL, 0, 256, '', 0, NULL, '', 1),
(392, 1, NULL, 71, 'Orden', 'cae_orden', NULL, NULL, 0, 256, '', 0, NULL, '', 1),
(393, 7, NULL, 71, 'Estado', 'cae_estado', NULL, NULL, 0, 1, '', 0, NULL, '', 1),
(394, 1, NULL, 19, 'Imagen adjunta2', 'secc_imagen_adjunta2', NULL, NULL, 0, 256, '', 1, NULL, '', 1),
(395, 1, NULL, 19, 'Nombre imagen adjunta2', 'secc_nombre_imagen_adjunta2', NULL, NULL, 0, 256, '', 1, NULL, '', 1),
(396, 1, NULL, 19, 'Imagen adjunta3', 'secc_imagen_adjunta3', NULL, NULL, 0, 256, '', 1, NULL, '', 1),
(397, 1, NULL, 19, 'Nombre imagen adjunta3', 'secc_nombre_imagen_adjunta3', NULL, NULL, 0, 256, '', 1, NULL, '', 1),
(398, 1, NULL, 23, 'descuento uno', 'pro_descuento_uno', NULL, NULL, 0, 256, '', 1, NULL, '', 1),
(399, 1, NULL, 23, 'descuento dos', 'pro_descuento_dos', NULL, NULL, 0, 256, '', 1, NULL, '', 1),
(400, 1, NULL, 23, 'descuento tres', 'pro_descuento_tres', NULL, NULL, 0, 256, '', 1, NULL, '', 1),
(401, 1, NULL, 23, 'monto uno', 'pro_monto_uno', NULL, NULL, 0, 256, '', 1, NULL, '', 1),
(402, 1, NULL, 23, 'monto dos', 'pro_monto_dos', NULL, NULL, 0, 256, '', 1, NULL, '', 1),
(403, 1, NULL, 23, 'monto tres', 'pro_monto_tres', NULL, NULL, 0, 256, '', 1, NULL, '', 1),
(404, 1, NULL, 23, 'codigo promocion', 'pro_codigo_promocion', NULL, NULL, 0, 256, '', 1, NULL, '', 1),
(405, 1, NULL, 23, 'precio anterior', 'pro_precio_anterior', NULL, NULL, 0, 256, '', 1, NULL, '', 1),
(406, 1, NULL, 23, 'resumen', 'pro_resumen', NULL, NULL, 0, 256, '', 1, NULL, '', 0),
(407, 2, NULL, 72, 'codigo', 'prog_codigo', NULL, NULL, 1, 11, '', 0, NULL, '', 1),
(408, 1, NULL, 72, 'titulo', 'prog_titulo', NULL, NULL, 0, 256, '', 1, NULL, '', 1),
(409, 8, NULL, 72, 'bajada uno', 'prog_bajada_uno', NULL, NULL, 0, NULL, '', 1, NULL, '', 1),
(410, 8, NULL, 72, 'bajada dos', 'prog_bajada_dos', NULL, NULL, 0, NULL, '', 1, NULL, '', 1),
(411, 2, NULL, 72, 'orden', 'prog_orden', NULL, NULL, 0, 11, '', 0, NULL, '', 1),
(412, 7, NULL, 72, 'estado', 'prog_estado', NULL, NULL, 0, 1, '', 0, NULL, '', 1),
(413, 2, NULL, 73, 'codigo', 'opc_codigo', NULL, NULL, 1, 11, '', 0, NULL, '', 1),
(414, 1, NULL, 73, 'nombre', 'opc_nombre', NULL, NULL, 0, 256, '', 1, NULL, '', 1),
(415, 1, NULL, 73, 'monto', 'opc_monto', NULL, NULL, 0, 256, '', 1, NULL, '', 1),
(416, 8, NULL, 73, 'resumen', 'opc_resumen', NULL, NULL, 0, NULL, '', 1, NULL, '', 1),
(417, 2, NULL, 73, 'orden', 'opc_orden', NULL, NULL, 0, 11, '', 0, NULL, '', 1),
(418, 2, 1, 73, 'programa verano', 'opc_programa_verano', 72, 407, 0, 11, '', 0, NULL, '', 1),
(419, 1, NULL, 72, 'tipo', 'prog_tipo', NULL, NULL, 0, 256, '', 0, NULL, '', 1),
(420, 1, NULL, 19, 'video', 'secc_video', NULL, NULL, 0, 256, '', 1, NULL, '', 1),
(421, 2, NULL, 74, 'codigo', 'par_codigo', NULL, NULL, 1, 11, '', 0, NULL, '', 1),
(422, 1, NULL, 74, 'Nombre', 'par_nombre', NULL, NULL, 0, 256, '', 0, NULL, '', 1),
(423, 1, NULL, 74, 'Url', 'par_url', NULL, NULL, 0, 256, '', 0, NULL, '', 1),
(424, 1, NULL, 74, 'Imagen adjunta', 'par_imagen_adjunta', NULL, NULL, 0, 256, '', 1, NULL, '', 1),
(425, 2, NULL, 74, 'Orden', 'par_orden', NULL, NULL, 0, 11, '', 0, NULL, '', 1),
(426, 7, NULL, 74, 'Estado', 'par_estado', NULL, NULL, 0, 1, '', 0, NULL, '', 1),
(427, 1, NULL, 75, 'Codigo', 'sei_codigo', NULL, NULL, 1, 256, '', 0, NULL, '', 1),
(428, 1, NULL, 75, 'Ruta grande', 'sei_ruta_grande', NULL, NULL, 0, 256, '', 0, NULL, '', 1),
(429, 1, NULL, 75, 'Ruta interna', 'sei_ruta_interna', NULL, NULL, 0, 256, '', 0, NULL, '', 1),
(430, 2, 1, 75, 'seccion', 'sei_seccion', 19, 49, 0, 11, '', 0, NULL, '', 1),
(431, 2, NULL, 76, 'Codigo', 'sec2_codigo', NULL, NULL, 1, 11, '', 0, NULL, '', 1),
(432, 1, NULL, 76, 'Ruta grande', 'sec2_ruta_grande', NULL, NULL, 0, 256, '', 0, NULL, '', 1),
(433, 1, NULL, 76, 'Ruta interna', 'sec2_ruta_interna', NULL, NULL, 0, 256, '', 0, NULL, '', 1),
(434, 2, 1, 76, 'seccion', 'sec2_seccion', 19, 49, 0, 11, '', 0, NULL, '', 1),
(435, 2, NULL, 19, 'posicion', 'secc_posicion', NULL, NULL, 0, 11, '', 0, NULL, '', 1),
(436, 8, NULL, 19, 'embed video', 'secc_embed_video', NULL, NULL, 0, NULL, '', 1, NULL, '', 1),
(437, 8, NULL, 34, 'tag manager header', 'dag_tag_manager_header', NULL, NULL, 0, NULL, '', 0, NULL, '', 1),
(438, 8, NULL, 34, 'tag manager body', 'dag_tag_manager_body', NULL, NULL, 0, NULL, '', 0, NULL, '', 1),
(439, 8, NULL, 23, 'resumen 1', 'pro_resumen_1', NULL, NULL, 0, NULL, '', 1, NULL, '', 1),
(440, 8, NULL, 23, 'resumen 2', 'pro_resumen_2', NULL, NULL, 0, NULL, '', 1, NULL, '', 1),
(441, 8, NULL, 23, 'resumen 3', 'pro_resumen_3', NULL, NULL, 0, NULL, '', 1, NULL, '', 1),
(442, 1, NULL, 77, 'Título', 'pop_titulo', NULL, NULL, 0, 256, '', 0, NULL, '', 1),
(443, 8, NULL, 77, 'Descripción ', 'pop_descripcion_', NULL, NULL, 0, NULL, '', 0, NULL, '', 1),
(444, 8, NULL, 77, 'Link', 'pop_link', NULL, NULL, 0, NULL, '', 0, NULL, '', 0),
(445, 2, NULL, 78, 'codigo', 'p_codigo', NULL, NULL, 1, 11, '', 0, NULL, '', 1),
(446, 1, NULL, 78, 'Título', 'p_titulo', NULL, NULL, 0, 256, '', 0, NULL, '', 1),
(447, 8, NULL, 78, 'Descripción', 'p_descripcion', NULL, NULL, 0, NULL, '', 0, NULL, '', 1),
(448, 1, NULL, 78, 'Link', 'p_link', NULL, NULL, 0, 256, '', 0, NULL, '', 1),
(449, 7, NULL, 78, 'Estado', 'p_estado', NULL, NULL, 0, 1, '', 0, NULL, '', 1);

-- --------------------------------------------------------

--
-- Estructura de tabla para la tabla `s_condiciones_campos`
--

DROP TABLE IF EXISTS `s_condiciones_campos`;
CREATE TABLE `s_condiciones_campos` (
  `conc_codigo` int(11) NOT NULL,
  `conc_nombre` varchar(256) DEFAULT NULL,
  `conc_orden` int(11) DEFAULT NULL,
  `conc_acepta_valor` int(11) DEFAULT 1
) ENGINE=MyISAM DEFAULT CHARSET=latin1;

--
-- Volcado de datos para la tabla `s_condiciones_campos`
--

INSERT INTO `s_condiciones_campos` (`conc_codigo`, `conc_nombre`, `conc_orden`, `conc_acepta_valor`) VALUES
(1, '=', 1, 1),
(2, '>', 2, 1),
(3, '>=', 3, 1),
(4, '<', 4, 1),
(5, '<=', 5, 1),
(6, '!=', 6, 1),
(7, 'IS NULL', 7, 0),
(8, '%LIKE', 9, 1),
(9, 'LIKE%', 10, 1),
(10, '%LIKE%', 11, 1),
(11, 'NOT LIKE', 12, 1),
(12, 'IN (...)', 13, 1),
(13, 'NOT IN (...)', 14, 1),
(14, 'IS NOT NULL', 8, 0),
(15, 'BETWEEN', 15, 1),
(16, 'NOT BETWEEN', 16, 1),
(17, '= \"\"', 17, 0),
(18, '!= \"\"', 18, 0);

-- --------------------------------------------------------

--
-- Estructura de tabla para la tabla `s_condiciones_campos_tipos_campo`
--

DROP TABLE IF EXISTS `s_condiciones_campos_tipos_campo`;
CREATE TABLE `s_condiciones_campos_tipos_campo` (
  `tic_codigo` int(11) NOT NULL,
  `conc_codigo` int(11) NOT NULL
) ENGINE=MyISAM DEFAULT CHARSET=latin1;

--
-- Volcado de datos para la tabla `s_condiciones_campos_tipos_campo`
--

INSERT INTO `s_condiciones_campos_tipos_campo` (`tic_codigo`, `conc_codigo`) VALUES
(1, 1),
(1, 6),
(1, 7),
(1, 8),
(1, 9),
(1, 10),
(1, 11),
(1, 12),
(1, 13),
(1, 14),
(1, 15),
(1, 16),
(1, 17),
(1, 18),
(2, 1),
(2, 2),
(2, 3),
(2, 4),
(2, 5),
(2, 6),
(2, 7),
(2, 12),
(2, 13),
(2, 14),
(2, 15),
(2, 16),
(2, 17),
(2, 18),
(3, 1),
(3, 2),
(3, 3),
(3, 4),
(3, 5),
(3, 6),
(3, 7),
(3, 12),
(3, 13),
(3, 14),
(3, 15),
(3, 16),
(3, 17),
(3, 18),
(4, 1),
(4, 2),
(4, 3),
(4, 4),
(4, 5),
(4, 6),
(4, 7),
(4, 12),
(4, 13),
(4, 14),
(4, 15),
(4, 16),
(4, 17),
(4, 18),
(5, 1),
(5, 2),
(5, 3),
(5, 4),
(5, 5),
(5, 6),
(5, 7),
(5, 12),
(5, 13),
(5, 14),
(5, 15),
(5, 16),
(5, 17),
(5, 18),
(6, 1),
(6, 2),
(6, 3),
(6, 4),
(6, 5),
(6, 6),
(6, 7),
(6, 12),
(6, 13),
(6, 14),
(6, 15),
(6, 16),
(6, 17),
(6, 18),
(7, 1),
(7, 2),
(7, 3),
(7, 4),
(7, 5),
(7, 6),
(7, 7),
(7, 12),
(7, 13),
(7, 14),
(7, 15),
(7, 16),
(7, 17),
(7, 18),
(8, 1),
(8, 6),
(8, 7),
(8, 8),
(8, 9),
(8, 10),
(8, 11),
(8, 14),
(8, 17),
(8, 18),
(9, 1),
(9, 2),
(9, 3),
(9, 4),
(9, 5),
(9, 6),
(9, 7),
(9, 12),
(9, 13),
(9, 14),
(9, 15),
(9, 16),
(9, 17),
(9, 18);

-- --------------------------------------------------------

--
-- Estructura de tabla para la tabla `s_historial`
--

DROP TABLE IF EXISTS `s_historial`;
CREATE TABLE `s_historial` (
  `his_codigo` int(11) NOT NULL,
  `hia_codigo` int(11) DEFAULT NULL,
  `tab_codigo` int(11) DEFAULT NULL,
  `usua_codigo` int(11) DEFAULT NULL,
  `his_campo_a` int(11) DEFAULT NULL,
  `his_campo_n` int(11) DEFAULT NULL,
  `his_nombre_tabla_a` varchar(256) DEFAULT NULL,
  `his_nombre_tabla_n` varchar(256) DEFAULT NULL,
  `his_comentario` text DEFAULT NULL,
  `his_fecha` datetime DEFAULT NULL,
  `his_deshecha` tinyint(4) DEFAULT 0
) ENGINE=MyISAM DEFAULT CHARSET=latin1;

--
-- Volcado de datos para la tabla `s_historial`
--

INSERT INTO `s_historial` (`his_codigo`, `hia_codigo`, `tab_codigo`, `usua_codigo`, `his_campo_a`, `his_campo_n`, `his_nombre_tabla_a`, `his_nombre_tabla_n`, `his_comentario`, `his_fecha`, `his_deshecha`) VALUES
(1, 1, 14, NULL, NULL, NULL, 'Hotel', 'Hoteles', 'La tabla <b>Hotel</b> ha pasado a llamarse <b>Hoteles</b>', '2017-05-30 17:43:10', 0),
(2, 1, 15, NULL, NULL, NULL, 'Habitación', 'Habitaciones', 'La tabla <b>Habitación</b> ha pasado a llamarse <b>Habitaciones</b>', '2017-05-30 17:43:14', 0),
(3, 1, 17, NULL, NULL, NULL, 'Actividad', 'Actividades', 'La tabla <b>Actividad</b> ha pasado a llamarse <b>Actividades</b>', '2017-05-30 17:43:16', 0),
(4, 1, 24, NULL, NULL, NULL, 'Promociones Hotel', 'Promociones Hotel', 'La tabla <b>Promociones Hotel</b> ha pasado a llamarse <b>Promociones Hotel</b>', '2017-06-01 16:03:23', 0),
(5, 1, 26, NULL, NULL, NULL, 'Config Tipo Sección', 'Config Tipo Sección', 'La tabla <b>Config Tipo Sección</b> ha pasado a llamarse <b>Config Tipo Sección</b>', '2017-06-03 12:19:24', 0),
(6, 2, 66, NULL, NULL, NULL, NULL, NULL, 'La tabla <b>galeria Landing Pages</b> ha sido eliminada', '2017-06-19 10:56:40', 0),
(7, 3, 65, NULL, 354, NULL, NULL, NULL, 'El campo <b>galeria</b> ha sido eliminado', '2017-06-19 11:58:09', 0),
(8, 3, 23, NULL, 406, NULL, NULL, NULL, 'El campo <b>resumen</b> ha sido eliminado', '2020-01-20 17:49:01', 0);

-- --------------------------------------------------------

--
-- Estructura de tabla para la tabla `s_historial_accion`
--

DROP TABLE IF EXISTS `s_historial_accion`;
CREATE TABLE `s_historial_accion` (
  `hia_codigo` int(11) NOT NULL,
  `hia_nombre` varchar(256) DEFAULT NULL
) ENGINE=MyISAM DEFAULT CHARSET=latin1;

--
-- Volcado de datos para la tabla `s_historial_accion`
--

INSERT INTO `s_historial_accion` (`hia_codigo`, `hia_nombre`) VALUES
(1, 'Tabla modificada'),
(3, 'Campo eliminado'),
(4, 'Campo modificado'),
(2, 'Tabla eliminada'),
(5, 'Usuario eliminado');

-- --------------------------------------------------------

--
-- Estructura de tabla para la tabla `s_oldnew_triggers`
--

DROP TABLE IF EXISTS `s_oldnew_triggers`;
CREATE TABLE `s_oldnew_triggers` (
  `olne_codigo` int(11) NOT NULL,
  `olne_nombre` varchar(256) DEFAULT NULL
) ENGINE=MyISAM DEFAULT CHARSET=latin1;

--
-- Volcado de datos para la tabla `s_oldnew_triggers`
--

INSERT INTO `s_oldnew_triggers` (`olne_codigo`, `olne_nombre`) VALUES
(1, 'OLD'),
(2, 'NEW');

-- --------------------------------------------------------

--
-- Estructura de tabla para la tabla `s_permisos`
--

DROP TABLE IF EXISTS `s_permisos`;
CREATE TABLE `s_permisos` (
  `perm_codigo` int(11) NOT NULL,
  `perm_nombre` varchar(256) DEFAULT NULL,
  `perm_permiso` varchar(256) DEFAULT NULL
) ENGINE=MyISAM DEFAULT CHARSET=latin1;

--
-- Volcado de datos para la tabla `s_permisos`
--

INSERT INTO `s_permisos` (`perm_codigo`, `perm_nombre`, `perm_permiso`) VALUES
(1, 'Leer', 'SELECT'),
(2, 'Insertar', 'INSERT'),
(3, 'Editar', 'UPDATE'),
(4, 'Eliminar', 'DELETE');

-- --------------------------------------------------------

--
-- Estructura de tabla para la tabla `s_prefijos`
--

DROP TABLE IF EXISTS `s_prefijos`;
CREATE TABLE `s_prefijos` (
  `pref_codigo` int(11) NOT NULL,
  `pref_nombre` varchar(100) DEFAULT NULL
) ENGINE=MyISAM DEFAULT CHARSET=latin1;

--
-- Volcado de datos para la tabla `s_prefijos`
--

INSERT INTO `s_prefijos` (`pref_codigo`, `pref_nombre`) VALUES
(1, 'tab'),
(2, 'cam'),
(3, 'tic'),
(4, 'trig'),
(5, 'vis'),
(6, 'pref'),
(7, 'tiv'),
(8, 'perm'),
(9, 'usua'),
(10, 'ke'),
(11, 'sli'),
(12, 'ho'),
(13, 'hab'),
(14, 'sec'),
(15, 'act'),
(16, 'cad'),
(17, 'secc'),
(18, 'tes'),
(19, 'ban'),
(20, 'habi'),
(21, 'pro'),
(22, 'proh'),
(23, 'proa'),
(24, 'cts'),
(25, 'prv'),
(26, 'tec'),
(27, 'cac'),
(28, 'can'),
(29, 'camv'),
(30, 'asuc'),
(31, 'art'),
(32, 'dag'),
(33, 'calg'),
(34, 'scts'),
(35, 'not'),
(36, 'noti'),
(37, 'acd'),
(38, 'aus'),
(39, 'ipp'),
(40, 'ippi'),
(41, 'ippa'),
(42, 'caf'),
(43, 'map'),
(44, 'edc'),
(45, 'niv'),
(46, 'edp'),
(47, 'eda'),
(48, 'hop'),
(49, 'cni'),
(50, 'cnii'),
(51, 'prg'),
(52, 'bip'),
(53, 'fre'),
(54, 'col'),
(55, 'prf'),
(56, 'cor'),
(57, 'tcn'),
(58, 'con'),
(59, 'adm'),
(60, 'seu'),
(61, 'adms'),
(62, 'new'),
(63, 'lan'),
(64, 'gal'),
(65, 'cont'),
(66, 'land'),
(67, 'int'),
(68, 'bann'),
(69, 'cae'),
(70, 'prog'),
(71, 'opc'),
(72, 'par'),
(73, 'sei'),
(74, 'sec2'),
(75, 'pop'),
(76, 'p');

-- --------------------------------------------------------

--
-- Estructura de tabla para la tabla `s_tablas`
--

DROP TABLE IF EXISTS `s_tablas`;
CREATE TABLE `s_tablas` (
  `tab_codigo` int(11) NOT NULL,
  `tab_nombre` varchar(256) DEFAULT NULL,
  `tab_prefijo` varchar(100) DEFAULT NULL,
  `tab_nombre_tabla` varchar(256) DEFAULT NULL,
  `tab_sql` text DEFAULT NULL,
  `tab_sistema` int(11) DEFAULT 0,
  `tab_vista` int(11) DEFAULT 0,
  `tab_comentario` text DEFAULT NULL,
  `tab_visible` int(11) DEFAULT 1
) ENGINE=MyISAM DEFAULT CHARSET=latin1;

--
-- Volcado de datos para la tabla `s_tablas`
--

INSERT INTO `s_tablas` (`tab_codigo`, `tab_nombre`, `tab_prefijo`, `tab_nombre_tabla`, `tab_sql`, `tab_sistema`, `tab_vista`, `tab_comentario`, `tab_visible`) VALUES
(1, 'S Tablas', 'tab', 's_tablas', NULL, 1, 0, NULL, 1),
(2, 'S Campos', '', 's_campos', NULL, 1, 0, NULL, 1),
(3, 'S Tipos Campos', 'tic', 's_tipos_campos', NULL, 1, 0, NULL, 1),
(4, 'S Triggers', 'trig', 's_triggers', NULL, 1, 0, NULL, 1),
(6, 'S Prefijos', 'pref', 's_prefijos', NULL, 1, 0, NULL, 1),
(7, 'S Usuarios permisos campos', NULL, 's_usuarios_permisos_campos', NULL, 1, 0, NULL, 1),
(8, 'S Campos tipos validación', NULL, 's_campos_tipos_validacion', NULL, 1, 0, NULL, 1),
(9, 'S Tipos validación', 'tiv', 's_tipos_validacion', NULL, 1, 0, NULL, 1),
(10, 'S Permisos', 'perm', 's_permisos', NULL, 1, 0, NULL, 1),
(11, 'S Usuarios', 'usu', 's_usuarios', NULL, 1, 0, NULL, 1),
(12, 'Keys', 'ke', 'keys', NULL, 1, 0, NULL, 1),
(13, 'Slider', 'sli', 'slider', NULL, 0, 0, '', 1),
(14, 'Hoteles', 'ho', 'hoteles', NULL, 0, 0, '', 1),
(15, 'Habitaciones', 'hab', 'habitaciones', NULL, 0, 0, '', 1),
(16, 'Servicios complementarios', 'sec', 'servicios_complementarios', NULL, 0, 0, '', 1),
(17, 'Actividades', 'act', 'actividades', NULL, 0, 0, '', 1),
(18, 'Calendario diario', 'cad', 'calendario_diario', NULL, 0, 0, '', 1),
(19, 'Secciones', 'secc', 'secciones', NULL, 0, 0, '', 1),
(20, 'Testimonios', 'tes', 'testimonios', NULL, 0, 0, '', 1),
(21, 'Banners', 'ban', 'banners', NULL, 0, 0, '', 1),
(22, 'Habitaciones imágenes', 'habi', 'habitaciones_imagenes', NULL, 0, 0, '', 1),
(23, 'Promociones', 'pro', 'promociones', NULL, 0, 0, '', 1),
(24, 'Promociones Hotel', 'proh', 'promociones_hotel', NULL, 0, 0, 'Tabla relación entre las promociones y los hoteles', 1),
(25, 'Promociones Archivos', 'proa', 'promociones_archivos', NULL, 0, 0, '', 1),
(26, 'Config Tipo Sección', 'cts', 'config_tipo_seccion', NULL, 0, 0, 'Indican las secciones que serán asociadas a los módulos que están en varias secciones', 1),
(27, 'Programas Valores', 'prv', 'programas_valores', NULL, 0, 0, '', 1),
(28, 'Temporadas Calendario', 'tec', 'temporadas_calendario', NULL, 0, 0, '', 1),
(29, 'Categorías Calendario', 'cac', 'categorias_calendario', NULL, 0, 0, '', 1),
(30, 'Categorías Noticias', 'can', 'categorias_noticias', NULL, 0, 0, '', 1),
(31, 'Cámaras en Vivo', 'camv', 'camaras_en_vivo', NULL, 0, 0, '', 1),
(32, 'Asuntos contacto', 'asuc', 'asuntos_contacto', NULL, 0, 0, '', 1),
(33, 'Áreas Trabajo', 'art', 'areas_trabajo', NULL, 0, 0, '', 1),
(34, 'Datos Generales', 'dag', 'datos_generales', NULL, 0, 0, '', 1),
(35, 'Calendario General', 'calg', 'calendario_general', NULL, 0, 0, '', 1),
(36, 'Servicios Complementarios Tipo Sección', 'scts', 'servicios_complementarios_tipo_seccion', NULL, 0, 0, '', 1),
(37, 'Noticias', 'not', 'noticias', NULL, 0, 0, '', 1),
(38, 'Noticias Imágenes', 'noti', 'noticias_imagenes', NULL, 0, 0, '', 1),
(39, 'Accesos Directos', 'acd', 'accesos_directos', NULL, 0, 0, '', 1),
(40, 'Auspiciadores', 'aus', 'auspiciadores', NULL, 0, 0, '', 1),
(41, 'Información Para Prensa', 'ipp', 'informacion_para_prensa', NULL, 0, 0, '', 1),
(42, 'Información Para Prensa Imágenes', 'ippi', 'informacion_para_prensa_imagenes', NULL, 0, 0, '', 1),
(43, 'Información Para Prensa Archivos', 'ippa', 'informacion_para_prensa_archivos', NULL, 0, 0, '', 1),
(44, 'Cafeterías', 'caf', 'cafeterias', NULL, 0, 0, '', 1),
(45, 'Mapa Pistas', 'map', 'mapa_pistas', NULL, 0, 0, '', 1),
(46, 'Estado de Camino', 'edc', 'estado_de_camino', NULL, 0, 0, '', 1),
(47, 'Nieve', 'niv', 'nieve', NULL, 0, 0, '', 1),
(48, 'Estado de Pistas', 'edp', 'estado_de_pistas', NULL, 0, 0, '', 1),
(49, 'Estado de andariveles', 'eda', 'estado_de_andariveles', NULL, 0, 0, '', 1),
(50, 'Hoteles Portada', 'hop', 'hoteles_portada', NULL, 0, 0, '', 1),
(51, 'Conoce Nuestras Instalaciones', 'cni', 'conoce_nuestras_instalaciones', NULL, 0, 0, '', 1),
(52, 'Conoce Nuestras Instalaciones Imágenes', 'cnii', 'conoce_nuestras_instalaciones_imagenes', NULL, 0, 0, '', 1),
(53, 'Profesor Guía', 'prg', 'profesor_guia', NULL, 0, 0, '', 1),
(54, 'Bike Park', 'bip', 'bike_park', NULL, 0, 0, '', 1),
(55, 'FreeRide', 'fre', 'freeride', NULL, 0, 0, '', 1),
(56, 'Cómo Llegar', 'col', 'como_llegar', NULL, 0, 0, '', 1),
(57, 'Preguntas Frecuentes', 'prf', 'preguntas_frecuentes', NULL, 0, 0, '', 1),
(58, 'Condiciones y Reglamentos', 'cor', 'condiciones_y_reglamentos', NULL, 0, 0, '', 1),
(59, 'Trabaja con Nosotros', 'tcn', 'trabaja_con_nosotros', NULL, 0, 0, '', 1),
(60, 'Contactos', 'con', 'contactos', NULL, 0, 0, '', 1),
(61, 'Administradores', 'adm', 'administradores', NULL, 0, 0, '', 1),
(62, 'Secciones usuario', 'seu', 'secciones_usuario', NULL, 0, 0, '', 1),
(63, 'Administrador Secciones Usuario', 'adms', 'administrador_secciones_usuario', NULL, 0, 0, 'Tabla relación entre el administrador y las secciones de la administración', 1),
(64, 'Newsletter', 'new', 'newsletter', NULL, 0, 0, '', 1),
(65, 'Landing Pages', 'lan', 'landing_pages', NULL, 0, 0, '', 1),
(66, 'galeria Landing Pages', 'gal', 'galeria_landing_pages', NULL, 0, 0, 'Landing Pages galeria', 0),
(67, 'Contactos Landing Pages', 'cont', 'contactos_landing_pages', NULL, 0, 0, 'Contactos Landing Pages', 1),
(68, 'Landing pages imágenes', 'land', 'landing_pages_imagenes', NULL, 0, 0, 'Galeria Landing Pages', 1),
(69, 'Introducción', 'int', 'introduccion', NULL, 0, 0, '', 1),
(70, 'Banners Generales', 'bann', 'banners_generales', NULL, 0, 0, '', 1),
(71, 'Categorías Eventos', 'cae', 'categorias_eventos', NULL, 0, 0, '', 1),
(72, 'programas verano', 'prog', 'programas_verano', NULL, 0, 0, '', 1),
(73, 'opciones programas verano', 'opc', 'opciones_programas_verano', NULL, 0, 0, '', 1),
(74, 'Partner', 'par', 'partner', NULL, 0, 0, '', 1),
(75, 'Secciones imagenes', 'sei', 'secciones_imagenes', NULL, 0, 0, '', 1),
(76, 'Secc imagenes', 'sec2', 'secc_imagenes', NULL, 0, 0, '', 1),
(77, 'popup', 'pop', 'popup', NULL, 0, 0, '', 1),
(78, 'pop up', 'p', 'pop_up', NULL, 0, 0, '', 1);

-- --------------------------------------------------------

--
-- Estructura de tabla para la tabla `s_tipos_asociacion`
--

DROP TABLE IF EXISTS `s_tipos_asociacion`;
CREATE TABLE `s_tipos_asociacion` (
  `tias_codigo` int(11) NOT NULL,
  `tias_nombre` varchar(256) DEFAULT NULL
) ENGINE=MyISAM DEFAULT CHARSET=latin1;

--
-- Volcado de datos para la tabla `s_tipos_asociacion`
--

INSERT INTO `s_tipos_asociacion` (`tias_codigo`, `tias_nombre`) VALUES
(1, 'INNER'),
(2, 'LEFT'),
(3, 'RIGHT');

-- --------------------------------------------------------

--
-- Estructura de tabla para la tabla `s_tipos_campo`
--

DROP TABLE IF EXISTS `s_tipos_campo`;
CREATE TABLE `s_tipos_campo` (
  `tic_codigo` int(11) NOT NULL,
  `tic_nombre` varchar(256) DEFAULT NULL,
  `tic_tipo` varchar(100) DEFAULT NULL,
  `tic_longitud` int(11) DEFAULT NULL
) ENGINE=MyISAM DEFAULT CHARSET=latin1;

--
-- Volcado de datos para la tabla `s_tipos_campo`
--

INSERT INTO `s_tipos_campo` (`tic_codigo`, `tic_nombre`, `tic_tipo`, `tic_longitud`) VALUES
(1, 'VARCHAR', 'VARCHAR', 256),
(2, 'INT', 'INT', 11),
(3, 'BIG INT', 'BIG INT', 20),
(4, 'DATE', 'DATE', NULL),
(5, 'TIME', 'TIME', NULL),
(6, 'DATETIME', 'DATETIME', NULL),
(8, 'TEXT', 'TEXT', NULL),
(7, 'TINYINT', 'TINYINT', 1),
(9, 'FLOAT', 'FLOAT', NULL);

-- --------------------------------------------------------

--
-- Estructura de tabla para la tabla `s_tipos_relacion`
--

DROP TABLE IF EXISTS `s_tipos_relacion`;
CREATE TABLE `s_tipos_relacion` (
  `tipr_codigo` int(11) NOT NULL,
  `tipr_nombre` varchar(255) DEFAULT NULL
) ENGINE=MyISAM DEFAULT CHARSET=latin1;

--
-- Volcado de datos para la tabla `s_tipos_relacion`
--

INSERT INTO `s_tipos_relacion` (`tipr_codigo`, `tipr_nombre`) VALUES
(1, 'Uno a Muchos');

-- --------------------------------------------------------

--
-- Estructura de tabla para la tabla `s_tipo_accion_triggers`
--

DROP TABLE IF EXISTS `s_tipo_accion_triggers`;
CREATE TABLE `s_tipo_accion_triggers` (
  `tatr_codigo` int(11) NOT NULL,
  `tatr_nombre` varchar(256) DEFAULT NULL
) ENGINE=MyISAM DEFAULT CHARSET=latin1;

--
-- Volcado de datos para la tabla `s_tipo_accion_triggers`
--

INSERT INTO `s_tipo_accion_triggers` (`tatr_codigo`, `tatr_nombre`) VALUES
(1, 'Insert'),
(2, 'Update'),
(3, 'Delete');

-- --------------------------------------------------------

--
-- Estructura de tabla para la tabla `s_tipo_triggers`
--

DROP TABLE IF EXISTS `s_tipo_triggers`;
CREATE TABLE `s_tipo_triggers` (
  `ttri_codigo` int(11) NOT NULL,
  `ttri_nombre` varchar(256) DEFAULT NULL
) ENGINE=MyISAM DEFAULT CHARSET=latin1;

--
-- Volcado de datos para la tabla `s_tipo_triggers`
--

INSERT INTO `s_tipo_triggers` (`ttri_codigo`, `ttri_nombre`) VALUES
(1, 'Before'),
(2, 'After');

-- --------------------------------------------------------

--
-- Estructura de tabla para la tabla `s_triggers`
--

DROP TABLE IF EXISTS `s_triggers`;
CREATE TABLE `s_triggers` (
  `trig_codigo` int(11) NOT NULL,
  `tab_codigo` int(11) DEFAULT NULL,
  `tatr_codigo` int(11) DEFAULT NULL,
  `ttri_codigo` int(11) DEFAULT NULL,
  `trig_nombre` varchar(256) DEFAULT NULL,
  `trig_nombre_trigger` varchar(256) DEFAULT NULL,
  `trig_sql` text DEFAULT NULL
) ENGINE=MyISAM DEFAULT CHARSET=latin1;

-- --------------------------------------------------------

--
-- Estructura de tabla para la tabla `s_usuarios`
--

DROP TABLE IF EXISTS `s_usuarios`;
CREATE TABLE `s_usuarios` (
  `usua_codigo` int(11) NOT NULL,
  `ke_id` int(11) DEFAULT NULL,
  `usua_nombre` varchar(256) NOT NULL,
  `usua_contrasena` varchar(256) DEFAULT NULL,
  `usua_nombre_db` varchar(256) DEFAULT NULL,
  `usua_visible` int(11) DEFAULT 1
) ENGINE=MyISAM DEFAULT CHARSET=latin1;

--
-- Volcado de datos para la tabla `s_usuarios`
--

INSERT INTO `s_usuarios` (`usua_codigo`, `ke_id`, `usua_nombre`, `usua_contrasena`, `usua_nombre_db`, `usua_visible`) VALUES
(1, 9, 'Administración', 'nevados', 'administracion', 1),
(2, 10, 'Web', 'nevados..web', 'web', 1);

-- --------------------------------------------------------

--
-- Estructura de tabla para la tabla `s_usuarios_permisos_campos`
--

DROP TABLE IF EXISTS `s_usuarios_permisos_campos`;
CREATE TABLE `s_usuarios_permisos_campos` (
  `perm_codigo` int(11) NOT NULL,
  `usua_codigo` int(11) NOT NULL,
  `cam_codigo` int(11) NOT NULL
) ENGINE=MyISAM DEFAULT CHARSET=latin1;

--
-- Volcado de datos para la tabla `s_usuarios_permisos_campos`
--

INSERT INTO `s_usuarios_permisos_campos` (`perm_codigo`, `usua_codigo`, `cam_codigo`) VALUES
(1, 1, 1),
(1, 1, 2),
(1, 1, 3),
(1, 1, 4),
(1, 1, 5),
(1, 1, 6),
(1, 1, 7),
(1, 1, 8),
(1, 1, 9),
(1, 1, 10),
(1, 1, 11),
(1, 1, 12),
(1, 1, 13),
(1, 1, 14),
(1, 1, 15),
(1, 1, 16),
(1, 1, 17),
(1, 1, 18),
(1, 1, 19),
(1, 1, 20),
(1, 1, 21),
(1, 1, 22),
(1, 1, 23),
(1, 1, 24),
(1, 1, 25),
(1, 1, 26),
(1, 1, 27),
(1, 1, 28),
(1, 1, 29),
(1, 1, 30),
(1, 1, 31),
(1, 1, 32),
(1, 1, 33),
(1, 1, 34),
(1, 1, 35),
(1, 1, 36),
(1, 1, 37),
(1, 1, 38),
(1, 1, 39),
(1, 1, 40),
(1, 1, 41),
(1, 1, 42),
(1, 1, 43),
(1, 1, 44),
(1, 1, 45),
(1, 1, 46),
(1, 1, 47),
(1, 1, 48),
(1, 1, 49),
(1, 1, 50),
(1, 1, 51),
(1, 1, 52),
(1, 1, 53),
(1, 1, 54),
(1, 1, 55),
(1, 1, 56),
(1, 1, 57),
(1, 1, 58),
(1, 1, 59),
(1, 1, 60),
(1, 1, 61),
(1, 1, 62),
(1, 1, 63),
(1, 1, 64),
(1, 1, 65),
(1, 1, 66),
(1, 1, 67),
(1, 1, 68),
(1, 1, 69),
(1, 1, 70),
(1, 1, 71),
(1, 1, 72),
(1, 1, 73),
(1, 1, 74),
(1, 1, 75),
(1, 1, 76),
(1, 1, 77),
(1, 1, 78),
(1, 1, 79),
(1, 1, 80),
(1, 1, 81),
(1, 1, 82),
(1, 1, 83),
(1, 1, 84),
(1, 1, 85),
(1, 1, 86),
(1, 1, 87),
(1, 1, 88),
(1, 1, 89),
(1, 1, 90),
(1, 1, 91),
(1, 1, 92),
(1, 1, 93),
(1, 1, 94),
(1, 1, 95),
(1, 1, 96),
(1, 1, 97),
(1, 1, 98),
(1, 1, 99),
(1, 1, 100),
(1, 1, 101),
(1, 1, 102),
(1, 1, 103),
(1, 1, 104),
(1, 1, 105),
(1, 1, 106),
(1, 1, 107),
(1, 1, 108),
(1, 1, 109),
(1, 1, 110),
(1, 1, 111),
(1, 1, 112),
(1, 1, 113),
(1, 1, 114),
(1, 1, 115),
(1, 1, 116),
(1, 1, 117),
(1, 1, 118),
(1, 1, 119),
(1, 1, 120),
(1, 1, 121),
(1, 1, 122),
(1, 1, 123),
(1, 1, 124),
(1, 1, 125),
(1, 1, 126),
(1, 1, 127),
(1, 1, 128),
(1, 1, 129),
(1, 1, 130),
(1, 1, 131),
(1, 1, 132),
(1, 1, 133),
(1, 1, 134),
(1, 1, 135),
(1, 1, 136),
(1, 1, 137),
(1, 1, 138),
(1, 1, 139),
(1, 1, 140),
(1, 1, 141),
(1, 1, 142),
(1, 1, 143),
(1, 1, 144),
(1, 1, 145),
(1, 1, 146),
(1, 1, 147),
(1, 1, 148),
(1, 1, 149),
(1, 1, 150),
(1, 1, 151),
(1, 1, 152),
(1, 1, 153),
(1, 1, 154),
(1, 1, 155),
(1, 1, 156),
(1, 1, 157),
(1, 1, 158),
(1, 1, 159),
(1, 1, 160),
(1, 1, 161),
(1, 1, 162),
(1, 1, 163),
(1, 1, 164),
(1, 1, 165),
(1, 1, 166),
(1, 1, 167),
(1, 1, 168),
(1, 1, 169),
(1, 1, 170),
(1, 1, 171),
(1, 1, 172),
(1, 1, 173),
(1, 1, 174),
(1, 1, 175),
(1, 1, 176),
(1, 1, 177),
(1, 1, 178),
(1, 1, 179),
(1, 1, 180),
(1, 1, 181),
(1, 1, 182),
(1, 1, 183),
(1, 1, 184),
(1, 1, 185),
(1, 1, 186),
(1, 1, 187),
(1, 1, 188),
(1, 1, 189),
(1, 1, 190),
(1, 1, 191),
(1, 1, 192),
(1, 1, 193),
(1, 1, 194),
(1, 1, 195),
(1, 1, 196),
(1, 1, 197),
(1, 1, 198),
(1, 1, 199),
(1, 1, 200),
(1, 1, 201),
(1, 1, 202),
(1, 1, 203),
(1, 1, 204),
(1, 1, 205),
(1, 1, 206),
(1, 1, 207),
(1, 1, 208),
(1, 1, 209),
(1, 1, 210),
(1, 1, 211),
(1, 1, 212),
(1, 1, 213),
(1, 1, 214),
(1, 1, 215),
(1, 1, 216),
(1, 1, 217),
(1, 1, 218),
(1, 1, 219),
(1, 1, 220),
(1, 1, 221),
(1, 1, 222),
(1, 1, 223),
(1, 1, 224),
(1, 1, 225),
(1, 1, 226),
(1, 1, 227),
(1, 1, 228),
(1, 1, 229),
(1, 1, 230),
(1, 1, 231),
(1, 1, 232),
(1, 1, 233),
(1, 1, 234),
(1, 1, 235),
(1, 1, 236),
(1, 1, 237),
(1, 1, 238),
(1, 1, 239),
(1, 1, 240),
(1, 1, 241),
(1, 1, 242),
(1, 1, 243),
(1, 1, 244),
(1, 1, 245),
(1, 1, 246),
(1, 1, 247),
(1, 1, 248),
(1, 1, 249),
(1, 1, 250),
(1, 1, 251),
(1, 1, 252),
(1, 1, 253),
(1, 1, 254),
(1, 1, 255),
(1, 1, 256),
(1, 1, 257),
(1, 1, 258),
(1, 1, 259),
(1, 1, 260),
(1, 1, 261),
(1, 1, 262),
(1, 1, 263),
(1, 1, 264),
(1, 1, 265),
(1, 1, 266),
(1, 1, 267),
(1, 1, 268),
(1, 1, 269),
(1, 1, 270),
(1, 1, 271),
(1, 1, 272),
(1, 1, 273),
(1, 1, 274),
(1, 1, 275),
(1, 1, 276),
(1, 1, 277),
(1, 1, 278),
(1, 1, 279),
(1, 1, 280),
(1, 1, 281),
(1, 1, 282),
(1, 1, 283),
(1, 1, 284),
(1, 1, 285),
(1, 1, 286),
(1, 1, 287),
(1, 1, 288),
(1, 1, 289),
(1, 1, 290),
(1, 1, 291),
(1, 1, 292),
(1, 1, 293),
(1, 1, 294),
(1, 1, 295),
(1, 1, 296),
(1, 1, 297),
(1, 1, 298),
(1, 1, 299),
(1, 1, 300),
(1, 1, 301),
(1, 1, 302),
(1, 1, 303),
(1, 1, 304),
(1, 1, 305),
(1, 1, 306),
(1, 1, 307),
(1, 1, 308),
(1, 1, 309),
(1, 1, 310),
(1, 1, 311),
(1, 1, 312),
(1, 1, 313),
(1, 1, 314),
(1, 1, 315),
(1, 1, 316),
(1, 1, 317),
(1, 1, 318),
(1, 1, 319),
(1, 1, 320),
(1, 1, 321),
(1, 1, 322),
(1, 1, 323),
(1, 1, 324),
(1, 1, 325),
(1, 1, 326),
(1, 1, 327),
(1, 1, 328),
(1, 1, 329),
(1, 1, 330),
(1, 1, 331),
(1, 1, 332),
(1, 1, 333),
(1, 1, 334),
(1, 1, 335),
(1, 1, 336),
(1, 1, 337),
(1, 1, 338),
(1, 1, 339),
(1, 1, 340),
(1, 1, 341),
(1, 1, 342),
(1, 1, 343),
(1, 1, 344),
(1, 1, 345),
(1, 1, 346),
(1, 1, 347),
(1, 1, 348),
(1, 1, 349),
(1, 1, 350),
(1, 1, 351),
(1, 1, 352),
(1, 1, 353),
(1, 1, 354),
(1, 1, 355),
(1, 1, 356),
(1, 1, 357),
(1, 1, 358),
(1, 1, 359),
(1, 1, 360),
(1, 1, 361),
(1, 1, 362),
(1, 1, 363),
(1, 1, 364),
(1, 1, 365),
(1, 1, 366),
(1, 1, 367),
(1, 1, 368),
(1, 1, 369),
(1, 1, 370),
(1, 1, 371),
(1, 1, 372),
(1, 1, 373),
(1, 1, 374),
(1, 1, 375),
(1, 1, 376),
(1, 1, 377),
(1, 1, 378),
(1, 1, 379),
(1, 1, 380),
(1, 1, 381),
(1, 1, 382),
(1, 1, 383),
(1, 1, 384),
(1, 1, 385),
(1, 1, 386),
(1, 1, 387),
(1, 1, 388),
(1, 1, 389),
(1, 1, 390),
(1, 1, 391),
(1, 1, 392),
(1, 1, 393),
(1, 1, 394),
(1, 1, 395),
(1, 1, 396),
(1, 1, 397),
(1, 1, 398),
(1, 1, 399),
(1, 1, 400),
(1, 1, 401),
(1, 1, 402),
(1, 1, 403),
(1, 1, 404),
(1, 1, 405),
(1, 1, 406),
(1, 1, 407),
(1, 1, 408),
(1, 1, 409),
(1, 1, 410),
(1, 1, 411),
(1, 1, 412),
(1, 1, 413),
(1, 1, 414),
(1, 1, 415),
(1, 1, 416),
(1, 1, 417),
(1, 1, 418),
(1, 1, 419),
(1, 1, 420),
(1, 1, 421),
(1, 1, 422),
(1, 1, 423),
(1, 1, 424),
(1, 1, 425),
(1, 1, 426),
(1, 1, 427),
(1, 1, 428),
(1, 1, 429),
(1, 1, 430),
(1, 1, 431),
(1, 1, 432),
(1, 1, 433),
(1, 1, 434),
(1, 1, 435),
(1, 1, 436),
(1, 1, 437),
(1, 1, 438),
(1, 1, 439),
(1, 1, 440),
(1, 1, 441),
(1, 1, 442),
(1, 1, 443),
(1, 1, 444),
(1, 1, 445),
(1, 1, 446),
(1, 1, 447),
(1, 1, 448),
(1, 1, 449),
(1, 2, 1),
(1, 2, 2),
(1, 2, 3),
(1, 2, 4),
(1, 2, 5),
(1, 2, 6),
(1, 2, 7),
(1, 2, 8),
(1, 2, 9),
(1, 2, 10),
(1, 2, 11),
(1, 2, 12),
(1, 2, 13),
(1, 2, 14),
(1, 2, 15),
(1, 2, 16),
(1, 2, 17),
(1, 2, 18),
(1, 2, 19),
(1, 2, 20),
(1, 2, 21),
(1, 2, 22),
(1, 2, 23),
(1, 2, 24),
(1, 2, 25),
(1, 2, 26),
(1, 2, 27),
(1, 2, 28),
(1, 2, 29),
(1, 2, 30),
(1, 2, 31),
(1, 2, 32),
(1, 2, 33),
(1, 2, 34),
(1, 2, 35),
(1, 2, 36),
(1, 2, 37),
(1, 2, 38),
(1, 2, 39),
(1, 2, 40),
(1, 2, 41),
(1, 2, 42),
(1, 2, 43),
(1, 2, 44),
(1, 2, 45),
(1, 2, 46),
(1, 2, 47),
(1, 2, 48),
(1, 2, 49),
(1, 2, 50),
(1, 2, 51),
(1, 2, 52),
(1, 2, 53),
(1, 2, 54),
(1, 2, 55),
(1, 2, 56),
(1, 2, 57),
(1, 2, 58),
(1, 2, 59),
(1, 2, 60),
(1, 2, 61),
(1, 2, 62),
(1, 2, 63),
(1, 2, 64),
(1, 2, 65),
(1, 2, 66),
(1, 2, 67),
(1, 2, 68),
(1, 2, 69),
(1, 2, 70),
(1, 2, 71),
(1, 2, 72),
(1, 2, 73),
(1, 2, 74),
(1, 2, 75),
(1, 2, 76),
(1, 2, 77),
(1, 2, 78),
(1, 2, 79),
(1, 2, 80),
(1, 2, 81),
(1, 2, 82),
(1, 2, 83),
(1, 2, 84),
(1, 2, 85),
(1, 2, 86),
(1, 2, 87),
(1, 2, 88),
(1, 2, 89),
(1, 2, 90),
(1, 2, 91),
(1, 2, 92),
(1, 2, 93),
(1, 2, 94),
(1, 2, 95),
(1, 2, 96),
(1, 2, 97),
(1, 2, 98),
(1, 2, 99),
(1, 2, 100),
(1, 2, 101),
(1, 2, 102),
(1, 2, 103),
(1, 2, 104),
(1, 2, 105),
(1, 2, 106),
(1, 2, 107),
(1, 2, 108),
(1, 2, 109),
(1, 2, 110),
(1, 2, 111),
(1, 2, 112),
(1, 2, 113),
(1, 2, 114),
(1, 2, 115),
(1, 2, 116),
(1, 2, 117),
(1, 2, 118),
(1, 2, 119),
(1, 2, 120),
(1, 2, 121),
(1, 2, 122),
(1, 2, 123),
(1, 2, 124),
(1, 2, 125),
(1, 2, 126),
(1, 2, 127),
(1, 2, 128),
(1, 2, 129),
(1, 2, 130),
(1, 2, 131),
(1, 2, 132),
(1, 2, 133),
(1, 2, 134),
(1, 2, 135),
(1, 2, 136),
(1, 2, 137),
(1, 2, 138),
(1, 2, 139),
(1, 2, 140),
(1, 2, 141),
(1, 2, 142),
(1, 2, 143),
(1, 2, 144),
(1, 2, 145),
(1, 2, 146),
(1, 2, 147),
(1, 2, 148),
(1, 2, 149),
(1, 2, 150),
(1, 2, 151),
(1, 2, 152),
(1, 2, 153),
(1, 2, 154),
(1, 2, 155),
(1, 2, 156),
(1, 2, 157),
(1, 2, 158),
(1, 2, 159),
(1, 2, 160),
(1, 2, 161),
(1, 2, 162),
(1, 2, 163),
(1, 2, 164),
(1, 2, 165),
(1, 2, 166),
(1, 2, 167),
(1, 2, 168),
(1, 2, 169),
(1, 2, 170),
(1, 2, 171),
(1, 2, 172),
(1, 2, 173),
(1, 2, 174),
(1, 2, 175),
(1, 2, 176),
(1, 2, 177),
(1, 2, 178),
(1, 2, 179),
(1, 2, 180),
(1, 2, 181),
(1, 2, 182),
(1, 2, 183),
(1, 2, 184),
(1, 2, 185),
(1, 2, 186),
(1, 2, 187),
(1, 2, 188),
(1, 2, 189),
(1, 2, 190),
(1, 2, 191),
(1, 2, 192),
(1, 2, 193),
(1, 2, 194),
(1, 2, 195),
(1, 2, 196),
(1, 2, 197),
(1, 2, 198),
(1, 2, 199),
(1, 2, 200),
(1, 2, 201),
(1, 2, 202),
(1, 2, 203),
(1, 2, 204),
(1, 2, 205),
(1, 2, 206),
(1, 2, 207),
(1, 2, 208),
(1, 2, 209),
(1, 2, 210),
(1, 2, 211),
(1, 2, 212),
(1, 2, 213),
(1, 2, 214),
(1, 2, 215),
(1, 2, 216),
(1, 2, 217),
(1, 2, 218),
(1, 2, 219),
(1, 2, 220),
(1, 2, 221),
(1, 2, 222),
(1, 2, 223),
(1, 2, 224),
(1, 2, 225),
(1, 2, 226),
(1, 2, 227),
(1, 2, 228),
(1, 2, 229),
(1, 2, 230),
(1, 2, 231),
(1, 2, 232),
(1, 2, 233),
(1, 2, 234),
(1, 2, 235),
(1, 2, 236),
(1, 2, 237),
(1, 2, 238),
(1, 2, 239),
(1, 2, 240),
(1, 2, 241),
(1, 2, 242),
(1, 2, 243),
(1, 2, 244),
(1, 2, 245),
(1, 2, 246),
(1, 2, 247),
(1, 2, 248),
(1, 2, 249),
(1, 2, 250),
(1, 2, 251),
(1, 2, 252),
(1, 2, 253),
(1, 2, 254),
(1, 2, 255),
(1, 2, 256),
(1, 2, 257),
(1, 2, 258),
(1, 2, 259),
(1, 2, 260),
(1, 2, 261),
(1, 2, 262),
(1, 2, 263),
(1, 2, 264),
(1, 2, 265),
(1, 2, 266),
(1, 2, 267),
(1, 2, 268),
(1, 2, 269),
(1, 2, 270),
(1, 2, 271),
(1, 2, 272),
(1, 2, 273),
(1, 2, 274),
(1, 2, 275),
(1, 2, 276),
(1, 2, 277),
(1, 2, 278),
(1, 2, 279),
(1, 2, 280),
(1, 2, 281),
(1, 2, 282),
(1, 2, 283),
(1, 2, 284),
(1, 2, 285),
(1, 2, 286),
(1, 2, 287),
(1, 2, 288),
(1, 2, 289),
(1, 2, 290),
(1, 2, 291),
(1, 2, 292),
(1, 2, 293),
(1, 2, 294),
(1, 2, 295),
(1, 2, 296),
(1, 2, 297),
(1, 2, 298),
(1, 2, 299),
(1, 2, 300),
(1, 2, 301),
(1, 2, 302),
(1, 2, 303),
(1, 2, 304),
(1, 2, 305),
(1, 2, 306),
(1, 2, 307),
(1, 2, 308),
(1, 2, 309),
(1, 2, 310),
(1, 2, 311),
(1, 2, 312),
(1, 2, 313),
(1, 2, 314),
(1, 2, 315),
(1, 2, 316),
(1, 2, 317),
(1, 2, 318),
(1, 2, 319),
(1, 2, 320),
(1, 2, 321),
(1, 2, 322),
(1, 2, 323),
(1, 2, 324),
(1, 2, 325),
(1, 2, 326),
(1, 2, 327),
(1, 2, 328),
(1, 2, 329),
(1, 2, 330),
(1, 2, 331),
(1, 2, 332),
(1, 2, 333),
(1, 2, 334),
(1, 2, 335),
(1, 2, 336),
(1, 2, 337),
(1, 2, 338),
(1, 2, 339),
(1, 2, 340),
(1, 2, 341),
(1, 2, 342),
(1, 2, 343),
(1, 2, 344),
(1, 2, 345),
(1, 2, 346),
(1, 2, 347),
(1, 2, 348),
(1, 2, 349),
(1, 2, 350),
(1, 2, 351),
(1, 2, 352),
(1, 2, 353),
(1, 2, 354),
(1, 2, 355),
(1, 2, 356),
(1, 2, 357),
(1, 2, 358),
(1, 2, 359),
(1, 2, 360),
(1, 2, 361),
(1, 2, 362),
(1, 2, 363),
(1, 2, 364),
(1, 2, 365),
(1, 2, 366),
(1, 2, 367),
(1, 2, 368),
(1, 2, 369),
(1, 2, 370),
(1, 2, 371),
(1, 2, 372),
(1, 2, 373),
(1, 2, 374),
(1, 2, 375),
(1, 2, 376),
(1, 2, 377),
(1, 2, 378),
(1, 2, 379),
(1, 2, 380),
(1, 2, 381),
(1, 2, 382),
(1, 2, 383),
(1, 2, 384),
(1, 2, 385),
(1, 2, 386),
(1, 2, 387),
(1, 2, 388),
(1, 2, 389),
(1, 2, 390),
(1, 2, 391),
(1, 2, 392),
(1, 2, 393),
(1, 2, 394),
(1, 2, 395),
(1, 2, 396),
(1, 2, 397),
(1, 2, 398),
(1, 2, 399),
(1, 2, 400),
(1, 2, 401),
(1, 2, 402),
(1, 2, 403),
(1, 2, 404),
(1, 2, 405),
(1, 2, 406),
(1, 2, 407),
(1, 2, 408),
(1, 2, 409),
(1, 2, 410),
(1, 2, 411),
(1, 2, 412),
(1, 2, 413),
(1, 2, 414),
(1, 2, 415),
(1, 2, 416),
(1, 2, 417),
(1, 2, 418),
(1, 2, 419),
(1, 2, 420),
(1, 2, 421),
(1, 2, 422),
(1, 2, 423),
(1, 2, 424),
(1, 2, 425),
(1, 2, 426),
(1, 2, 427),
(1, 2, 428),
(1, 2, 429),
(1, 2, 430),
(1, 2, 431),
(1, 2, 432),
(1, 2, 433),
(1, 2, 434),
(1, 2, 435),
(1, 2, 436),
(1, 2, 437),
(1, 2, 438),
(1, 2, 439),
(1, 2, 440),
(1, 2, 441),
(1, 2, 442),
(1, 2, 443),
(1, 2, 444),
(1, 2, 445),
(1, 2, 446),
(1, 2, 447),
(1, 2, 448),
(1, 2, 449),
(2, 1, 1),
(2, 1, 2),
(2, 1, 3),
(2, 1, 4),
(2, 1, 5),
(2, 1, 6),
(2, 1, 7),
(2, 1, 8),
(2, 1, 9),
(2, 1, 10),
(2, 1, 11),
(2, 1, 12),
(2, 1, 13),
(2, 1, 14),
(2, 1, 15),
(2, 1, 16),
(2, 1, 17),
(2, 1, 18),
(2, 1, 19),
(2, 1, 20),
(2, 1, 21),
(2, 1, 22),
(2, 1, 23),
(2, 1, 24),
(2, 1, 25),
(2, 1, 26),
(2, 1, 27),
(2, 1, 28),
(2, 1, 29),
(2, 1, 30),
(2, 1, 31),
(2, 1, 32),
(2, 1, 33),
(2, 1, 34),
(2, 1, 35),
(2, 1, 36),
(2, 1, 37),
(2, 1, 38),
(2, 1, 39),
(2, 1, 40),
(2, 1, 41),
(2, 1, 42),
(2, 1, 43),
(2, 1, 44),
(2, 1, 45),
(2, 1, 46),
(2, 1, 47),
(2, 1, 48),
(2, 1, 49),
(2, 1, 50),
(2, 1, 51),
(2, 1, 52),
(2, 1, 53),
(2, 1, 54),
(2, 1, 55),
(2, 1, 56),
(2, 1, 57),
(2, 1, 58),
(2, 1, 59),
(2, 1, 60),
(2, 1, 61),
(2, 1, 62),
(2, 1, 63),
(2, 1, 64),
(2, 1, 65),
(2, 1, 66),
(2, 1, 67),
(2, 1, 68),
(2, 1, 69),
(2, 1, 70),
(2, 1, 71),
(2, 1, 72),
(2, 1, 73),
(2, 1, 74),
(2, 1, 75),
(2, 1, 76),
(2, 1, 77),
(2, 1, 78),
(2, 1, 79),
(2, 1, 80),
(2, 1, 81),
(2, 1, 82),
(2, 1, 83),
(2, 1, 84),
(2, 1, 85),
(2, 1, 86),
(2, 1, 87),
(2, 1, 88),
(2, 1, 89),
(2, 1, 90),
(2, 1, 91),
(2, 1, 92),
(2, 1, 93),
(2, 1, 94),
(2, 1, 95),
(2, 1, 96),
(2, 1, 97),
(2, 1, 98),
(2, 1, 99),
(2, 1, 100),
(2, 1, 101),
(2, 1, 102),
(2, 1, 103),
(2, 1, 104),
(2, 1, 105),
(2, 1, 106),
(2, 1, 107),
(2, 1, 108),
(2, 1, 109),
(2, 1, 110),
(2, 1, 111),
(2, 1, 112),
(2, 1, 113),
(2, 1, 114),
(2, 1, 115),
(2, 1, 116),
(2, 1, 117),
(2, 1, 118),
(2, 1, 119),
(2, 1, 120),
(2, 1, 121),
(2, 1, 122),
(2, 1, 123),
(2, 1, 124),
(2, 1, 125),
(2, 1, 126),
(2, 1, 127),
(2, 1, 128),
(2, 1, 129),
(2, 1, 130),
(2, 1, 131),
(2, 1, 132),
(2, 1, 133),
(2, 1, 134),
(2, 1, 135),
(2, 1, 136),
(2, 1, 137),
(2, 1, 138),
(2, 1, 139),
(2, 1, 140),
(2, 1, 141),
(2, 1, 142),
(2, 1, 143),
(2, 1, 144),
(2, 1, 145),
(2, 1, 146),
(2, 1, 147),
(2, 1, 148),
(2, 1, 149),
(2, 1, 150),
(2, 1, 151),
(2, 1, 152),
(2, 1, 153),
(2, 1, 154),
(2, 1, 155),
(2, 1, 156),
(2, 1, 157),
(2, 1, 158),
(2, 1, 159),
(2, 1, 160),
(2, 1, 161),
(2, 1, 162),
(2, 1, 163),
(2, 1, 164),
(2, 1, 165),
(2, 1, 166),
(2, 1, 167),
(2, 1, 168),
(2, 1, 169),
(2, 1, 170),
(2, 1, 171),
(2, 1, 172),
(2, 1, 173),
(2, 1, 174),
(2, 1, 175),
(2, 1, 176),
(2, 1, 177),
(2, 1, 178),
(2, 1, 179),
(2, 1, 180),
(2, 1, 181),
(2, 1, 182),
(2, 1, 183),
(2, 1, 184),
(2, 1, 185),
(2, 1, 186),
(2, 1, 187),
(2, 1, 188),
(2, 1, 189),
(2, 1, 190),
(2, 1, 191),
(2, 1, 192),
(2, 1, 193),
(2, 1, 194),
(2, 1, 195),
(2, 1, 196),
(2, 1, 197),
(2, 1, 198),
(2, 1, 199),
(2, 1, 200),
(2, 1, 201),
(2, 1, 202),
(2, 1, 203),
(2, 1, 204),
(2, 1, 205),
(2, 1, 206),
(2, 1, 207),
(2, 1, 208),
(2, 1, 209),
(2, 1, 210),
(2, 1, 211),
(2, 1, 212),
(2, 1, 213),
(2, 1, 214),
(2, 1, 215),
(2, 1, 216),
(2, 1, 217),
(2, 1, 218),
(2, 1, 219),
(2, 1, 220),
(2, 1, 221),
(2, 1, 222),
(2, 1, 223),
(2, 1, 224),
(2, 1, 225),
(2, 1, 226),
(2, 1, 227),
(2, 1, 228),
(2, 1, 229),
(2, 1, 230),
(2, 1, 231),
(2, 1, 232),
(2, 1, 233),
(2, 1, 234),
(2, 1, 235),
(2, 1, 236),
(2, 1, 237),
(2, 1, 238),
(2, 1, 239),
(2, 1, 240),
(2, 1, 241),
(2, 1, 242),
(2, 1, 243),
(2, 1, 244),
(2, 1, 245),
(2, 1, 246),
(2, 1, 247),
(2, 1, 248),
(2, 1, 249),
(2, 1, 250),
(2, 1, 251),
(2, 1, 252),
(2, 1, 253),
(2, 1, 254),
(2, 1, 255),
(2, 1, 256),
(2, 1, 257),
(2, 1, 258),
(2, 1, 259),
(2, 1, 260),
(2, 1, 261),
(2, 1, 262),
(2, 1, 263),
(2, 1, 264),
(2, 1, 265),
(2, 1, 266),
(2, 1, 267),
(2, 1, 268),
(2, 1, 269),
(2, 1, 270),
(2, 1, 271),
(2, 1, 272),
(2, 1, 273),
(2, 1, 274),
(2, 1, 275),
(2, 1, 276),
(2, 1, 277),
(2, 1, 278),
(2, 1, 279),
(2, 1, 280),
(2, 1, 281),
(2, 1, 282),
(2, 1, 283),
(2, 1, 284),
(2, 1, 285),
(2, 1, 286),
(2, 1, 287),
(2, 1, 288),
(2, 1, 289),
(2, 1, 290),
(2, 1, 291),
(2, 1, 292),
(2, 1, 293),
(2, 1, 294),
(2, 1, 295),
(2, 1, 296),
(2, 1, 297),
(2, 1, 298),
(2, 1, 299),
(2, 1, 300),
(2, 1, 301),
(2, 1, 302),
(2, 1, 303),
(2, 1, 304),
(2, 1, 305),
(2, 1, 306),
(2, 1, 307),
(2, 1, 308),
(2, 1, 309),
(2, 1, 310),
(2, 1, 311),
(2, 1, 312),
(2, 1, 313),
(2, 1, 314),
(2, 1, 315),
(2, 1, 316),
(2, 1, 317),
(2, 1, 318),
(2, 1, 319),
(2, 1, 320),
(2, 1, 321),
(2, 1, 322),
(2, 1, 323),
(2, 1, 324),
(2, 1, 325),
(2, 1, 326),
(2, 1, 327),
(2, 1, 328),
(2, 1, 329),
(2, 1, 330),
(2, 1, 331),
(2, 1, 332),
(2, 1, 333),
(2, 1, 334),
(2, 1, 335),
(2, 1, 336),
(2, 1, 337),
(2, 1, 338),
(2, 1, 339),
(2, 1, 340),
(2, 1, 341),
(2, 1, 342),
(2, 1, 343),
(2, 1, 344),
(2, 1, 345),
(2, 1, 346),
(2, 1, 347),
(2, 1, 348),
(2, 1, 349),
(2, 1, 350),
(2, 1, 351),
(2, 1, 352),
(2, 1, 353),
(2, 1, 354),
(2, 1, 355),
(2, 1, 356),
(2, 1, 357),
(2, 1, 358),
(2, 1, 359),
(2, 1, 360),
(2, 1, 361),
(2, 1, 362),
(2, 1, 363),
(2, 1, 364),
(2, 1, 365),
(2, 1, 366),
(2, 1, 367),
(2, 1, 368),
(2, 1, 369),
(2, 1, 370),
(2, 1, 371),
(2, 1, 372),
(2, 1, 373),
(2, 1, 374),
(2, 1, 375),
(2, 1, 376),
(2, 1, 377),
(2, 1, 378),
(2, 1, 379),
(2, 1, 380),
(2, 1, 381),
(2, 1, 382),
(2, 1, 383),
(2, 1, 384),
(2, 1, 385),
(2, 1, 386),
(2, 1, 387),
(2, 1, 388),
(2, 1, 389),
(2, 1, 390),
(2, 1, 391),
(2, 1, 392),
(2, 1, 393),
(2, 1, 394),
(2, 1, 395),
(2, 1, 396),
(2, 1, 397),
(2, 1, 398),
(2, 1, 399),
(2, 1, 400),
(2, 1, 401),
(2, 1, 402),
(2, 1, 403),
(2, 1, 404),
(2, 1, 405),
(2, 1, 406),
(2, 1, 407),
(2, 1, 408),
(2, 1, 409),
(2, 1, 410),
(2, 1, 411),
(2, 1, 412),
(2, 1, 413),
(2, 1, 414),
(2, 1, 415),
(2, 1, 416),
(2, 1, 417),
(2, 1, 418),
(2, 1, 419),
(2, 1, 420),
(2, 1, 421),
(2, 1, 422),
(2, 1, 423),
(2, 1, 424),
(2, 1, 425),
(2, 1, 426),
(2, 1, 427),
(2, 1, 428),
(2, 1, 429),
(2, 1, 430),
(2, 1, 431),
(2, 1, 432),
(2, 1, 433),
(2, 1, 434),
(2, 1, 435),
(2, 1, 436),
(2, 1, 437),
(2, 1, 438),
(2, 1, 439),
(2, 1, 440),
(2, 1, 441),
(2, 1, 442),
(2, 1, 443),
(2, 1, 444),
(2, 1, 445),
(2, 1, 446),
(2, 1, 447),
(2, 1, 448),
(2, 1, 449),
(2, 2, 1),
(2, 2, 2),
(2, 2, 3),
(2, 2, 4),
(2, 2, 5),
(2, 2, 6),
(2, 2, 7),
(2, 2, 8),
(2, 2, 9),
(2, 2, 10),
(2, 2, 11),
(2, 2, 12),
(2, 2, 13),
(2, 2, 14),
(2, 2, 15),
(2, 2, 16),
(2, 2, 17),
(2, 2, 18),
(2, 2, 19),
(2, 2, 20),
(2, 2, 21),
(2, 2, 22),
(2, 2, 23),
(2, 2, 24),
(2, 2, 25),
(2, 2, 26),
(2, 2, 27),
(2, 2, 28),
(2, 2, 29),
(2, 2, 30),
(2, 2, 31),
(2, 2, 32),
(2, 2, 33),
(2, 2, 34),
(2, 2, 35),
(2, 2, 36),
(2, 2, 37),
(2, 2, 38),
(2, 2, 39),
(2, 2, 40),
(2, 2, 41),
(2, 2, 42),
(2, 2, 43),
(2, 2, 44),
(2, 2, 45),
(2, 2, 46),
(2, 2, 47),
(2, 2, 48),
(2, 2, 49),
(2, 2, 50),
(2, 2, 51),
(2, 2, 52),
(2, 2, 53),
(2, 2, 54),
(2, 2, 55),
(2, 2, 56),
(2, 2, 57),
(2, 2, 58),
(2, 2, 59),
(2, 2, 60),
(2, 2, 61),
(2, 2, 62),
(2, 2, 63),
(2, 2, 64),
(2, 2, 65),
(2, 2, 66),
(2, 2, 67),
(2, 2, 68),
(2, 2, 69),
(2, 2, 70),
(2, 2, 71),
(2, 2, 72),
(2, 2, 73),
(2, 2, 74),
(2, 2, 75),
(2, 2, 76),
(2, 2, 77),
(2, 2, 78),
(2, 2, 79),
(2, 2, 80),
(2, 2, 81),
(2, 2, 82),
(2, 2, 83),
(2, 2, 84),
(2, 2, 85),
(2, 2, 86),
(2, 2, 87),
(2, 2, 88),
(2, 2, 89),
(2, 2, 90),
(2, 2, 91),
(2, 2, 92),
(2, 2, 93),
(2, 2, 94),
(2, 2, 95),
(2, 2, 96),
(2, 2, 97),
(2, 2, 98),
(2, 2, 99),
(2, 2, 100),
(2, 2, 101),
(2, 2, 102),
(2, 2, 103),
(2, 2, 104),
(2, 2, 105),
(2, 2, 106),
(2, 2, 107),
(2, 2, 108),
(2, 2, 109),
(2, 2, 110),
(2, 2, 111),
(2, 2, 112),
(2, 2, 113),
(2, 2, 114),
(2, 2, 115),
(2, 2, 116),
(2, 2, 117),
(2, 2, 118),
(2, 2, 119),
(2, 2, 120),
(2, 2, 121),
(2, 2, 122),
(2, 2, 123),
(2, 2, 124),
(2, 2, 125),
(2, 2, 126),
(2, 2, 127),
(2, 2, 128),
(2, 2, 129),
(2, 2, 130),
(2, 2, 131),
(2, 2, 132),
(2, 2, 133),
(2, 2, 134),
(2, 2, 135),
(2, 2, 136),
(2, 2, 137),
(2, 2, 138),
(2, 2, 139),
(2, 2, 140),
(2, 2, 141),
(2, 2, 142),
(2, 2, 143),
(2, 2, 144),
(2, 2, 145),
(2, 2, 146),
(2, 2, 147),
(2, 2, 148),
(2, 2, 149),
(2, 2, 150),
(2, 2, 151),
(2, 2, 152),
(2, 2, 153),
(2, 2, 154),
(2, 2, 155),
(2, 2, 156),
(2, 2, 157),
(2, 2, 158),
(2, 2, 159),
(2, 2, 160),
(2, 2, 161),
(2, 2, 162),
(2, 2, 163),
(2, 2, 164),
(2, 2, 165),
(2, 2, 166),
(2, 2, 167),
(2, 2, 168),
(2, 2, 169),
(2, 2, 170),
(2, 2, 171),
(2, 2, 172),
(2, 2, 173),
(2, 2, 174),
(2, 2, 175),
(2, 2, 176),
(2, 2, 177),
(2, 2, 178),
(2, 2, 179),
(2, 2, 180),
(2, 2, 181),
(2, 2, 182),
(2, 2, 183),
(2, 2, 184),
(2, 2, 185),
(2, 2, 186),
(2, 2, 187),
(2, 2, 188),
(2, 2, 189),
(2, 2, 190),
(2, 2, 191),
(2, 2, 192),
(2, 2, 193),
(2, 2, 194),
(2, 2, 195),
(2, 2, 196),
(2, 2, 197),
(2, 2, 198),
(2, 2, 199),
(2, 2, 200),
(2, 2, 201),
(2, 2, 202),
(2, 2, 203),
(2, 2, 204),
(2, 2, 205),
(2, 2, 206),
(2, 2, 207),
(2, 2, 208),
(2, 2, 209),
(2, 2, 210),
(2, 2, 211),
(2, 2, 212),
(2, 2, 213),
(2, 2, 214),
(2, 2, 215),
(2, 2, 216),
(2, 2, 217),
(2, 2, 218),
(2, 2, 219),
(2, 2, 220),
(2, 2, 221),
(2, 2, 222),
(2, 2, 223),
(2, 2, 224),
(2, 2, 225),
(2, 2, 226),
(2, 2, 227),
(2, 2, 228),
(2, 2, 229),
(2, 2, 230),
(2, 2, 231),
(2, 2, 232),
(2, 2, 233),
(2, 2, 234),
(2, 2, 235),
(2, 2, 236),
(2, 2, 237),
(2, 2, 238),
(2, 2, 239),
(2, 2, 240),
(2, 2, 241),
(2, 2, 242),
(2, 2, 243),
(2, 2, 244),
(2, 2, 245),
(2, 2, 246),
(2, 2, 247),
(2, 2, 248),
(2, 2, 249),
(2, 2, 250),
(2, 2, 251),
(2, 2, 252),
(2, 2, 253),
(2, 2, 254),
(2, 2, 255),
(2, 2, 256),
(2, 2, 257),
(2, 2, 258),
(2, 2, 259),
(2, 2, 260),
(2, 2, 261),
(2, 2, 262),
(2, 2, 263),
(2, 2, 264),
(2, 2, 265),
(2, 2, 266),
(2, 2, 267),
(2, 2, 268),
(2, 2, 269),
(2, 2, 270),
(2, 2, 271),
(2, 2, 272),
(2, 2, 273),
(2, 2, 274),
(2, 2, 275),
(2, 2, 276),
(2, 2, 277),
(2, 2, 278),
(2, 2, 279),
(2, 2, 280),
(2, 2, 281),
(2, 2, 282),
(2, 2, 283),
(2, 2, 284),
(2, 2, 285),
(2, 2, 286),
(2, 2, 287),
(2, 2, 288),
(2, 2, 289),
(2, 2, 290),
(2, 2, 291),
(2, 2, 292),
(2, 2, 293),
(2, 2, 294),
(2, 2, 295),
(2, 2, 296),
(2, 2, 297),
(2, 2, 298),
(2, 2, 299),
(2, 2, 300),
(2, 2, 301),
(2, 2, 302),
(2, 2, 303),
(2, 2, 304),
(2, 2, 305),
(2, 2, 306),
(2, 2, 307),
(2, 2, 308),
(2, 2, 309),
(2, 2, 310),
(2, 2, 311),
(2, 2, 312),
(2, 2, 313),
(2, 2, 314),
(2, 2, 315),
(2, 2, 316),
(2, 2, 317),
(2, 2, 318),
(2, 2, 319),
(2, 2, 320),
(2, 2, 321),
(2, 2, 322),
(2, 2, 323),
(2, 2, 324),
(2, 2, 325),
(2, 2, 326),
(2, 2, 327),
(2, 2, 328),
(2, 2, 329),
(2, 2, 330),
(2, 2, 331),
(2, 2, 332),
(2, 2, 333),
(2, 2, 334),
(2, 2, 335),
(2, 2, 336),
(2, 2, 337),
(2, 2, 338),
(2, 2, 339),
(2, 2, 340),
(2, 2, 341),
(2, 2, 342),
(2, 2, 343),
(2, 2, 344),
(2, 2, 345),
(2, 2, 346),
(2, 2, 347),
(2, 2, 348),
(2, 2, 349),
(2, 2, 350),
(2, 2, 351),
(2, 2, 352),
(2, 2, 353),
(2, 2, 354),
(2, 2, 355),
(2, 2, 356),
(2, 2, 357),
(2, 2, 358),
(2, 2, 359),
(2, 2, 360),
(2, 2, 361),
(2, 2, 362),
(2, 2, 363),
(2, 2, 364),
(2, 2, 365),
(2, 2, 366),
(2, 2, 367),
(2, 2, 368),
(2, 2, 369),
(2, 2, 370),
(2, 2, 371),
(2, 2, 372),
(2, 2, 373),
(2, 2, 374),
(2, 2, 375),
(2, 2, 376),
(2, 2, 377),
(2, 2, 378),
(2, 2, 379),
(2, 2, 380),
(2, 2, 381),
(2, 2, 382),
(2, 2, 383),
(2, 2, 384),
(2, 2, 385),
(2, 2, 386),
(2, 2, 387),
(2, 2, 388),
(2, 2, 389),
(2, 2, 390),
(2, 2, 391),
(2, 2, 392),
(2, 2, 393),
(2, 2, 394),
(2, 2, 395),
(2, 2, 396),
(2, 2, 397),
(2, 2, 398),
(2, 2, 399),
(2, 2, 400),
(2, 2, 401),
(2, 2, 402),
(2, 2, 403),
(2, 2, 404),
(2, 2, 405),
(2, 2, 406),
(2, 2, 407),
(2, 2, 408),
(2, 2, 409),
(2, 2, 410),
(2, 2, 411),
(2, 2, 412),
(2, 2, 413),
(2, 2, 414),
(2, 2, 415),
(2, 2, 416),
(2, 2, 417),
(2, 2, 418),
(2, 2, 419),
(2, 2, 420),
(2, 2, 421),
(2, 2, 422),
(2, 2, 423),
(2, 2, 424),
(2, 2, 425),
(2, 2, 426),
(2, 2, 427),
(2, 2, 428),
(2, 2, 429),
(2, 2, 430),
(2, 2, 431),
(2, 2, 432),
(2, 2, 433),
(2, 2, 434),
(2, 2, 435),
(2, 2, 436),
(2, 2, 437),
(2, 2, 438),
(2, 2, 439),
(2, 2, 440),
(2, 2, 441),
(2, 2, 442),
(2, 2, 443),
(2, 2, 444),
(2, 2, 445),
(2, 2, 446),
(2, 2, 447),
(2, 2, 448),
(2, 2, 449),
(3, 1, 1),
(3, 1, 2),
(3, 1, 3),
(3, 1, 4),
(3, 1, 5),
(3, 1, 6),
(3, 1, 7),
(3, 1, 8),
(3, 1, 9),
(3, 1, 10),
(3, 1, 11),
(3, 1, 12),
(3, 1, 13),
(3, 1, 14),
(3, 1, 15),
(3, 1, 16),
(3, 1, 17),
(3, 1, 18),
(3, 1, 19),
(3, 1, 20),
(3, 1, 21),
(3, 1, 22),
(3, 1, 23),
(3, 1, 24),
(3, 1, 25),
(3, 1, 26),
(3, 1, 27),
(3, 1, 28),
(3, 1, 29),
(3, 1, 30),
(3, 1, 31),
(3, 1, 32),
(3, 1, 33),
(3, 1, 34),
(3, 1, 35),
(3, 1, 36),
(3, 1, 37),
(3, 1, 38),
(3, 1, 39),
(3, 1, 40),
(3, 1, 41),
(3, 1, 42),
(3, 1, 43),
(3, 1, 44),
(3, 1, 45),
(3, 1, 46),
(3, 1, 47),
(3, 1, 48),
(3, 1, 49),
(3, 1, 50),
(3, 1, 51),
(3, 1, 52),
(3, 1, 53),
(3, 1, 54),
(3, 1, 55),
(3, 1, 56),
(3, 1, 57),
(3, 1, 58),
(3, 1, 59),
(3, 1, 60),
(3, 1, 61),
(3, 1, 62),
(3, 1, 63),
(3, 1, 64),
(3, 1, 65),
(3, 1, 66),
(3, 1, 67),
(3, 1, 68),
(3, 1, 69),
(3, 1, 70),
(3, 1, 71),
(3, 1, 72),
(3, 1, 73),
(3, 1, 74),
(3, 1, 75),
(3, 1, 76),
(3, 1, 77),
(3, 1, 78),
(3, 1, 79),
(3, 1, 80),
(3, 1, 81),
(3, 1, 82),
(3, 1, 83),
(3, 1, 84),
(3, 1, 85),
(3, 1, 86),
(3, 1, 87),
(3, 1, 88),
(3, 1, 89),
(3, 1, 90),
(3, 1, 91),
(3, 1, 92),
(3, 1, 93),
(3, 1, 94),
(3, 1, 95),
(3, 1, 96),
(3, 1, 97),
(3, 1, 98),
(3, 1, 99),
(3, 1, 100),
(3, 1, 101),
(3, 1, 102),
(3, 1, 103),
(3, 1, 104),
(3, 1, 105),
(3, 1, 106),
(3, 1, 107),
(3, 1, 108),
(3, 1, 109),
(3, 1, 110),
(3, 1, 111),
(3, 1, 112),
(3, 1, 113),
(3, 1, 114),
(3, 1, 115),
(3, 1, 116),
(3, 1, 117),
(3, 1, 118),
(3, 1, 119),
(3, 1, 120),
(3, 1, 121),
(3, 1, 122),
(3, 1, 123),
(3, 1, 124),
(3, 1, 125),
(3, 1, 126),
(3, 1, 127),
(3, 1, 128),
(3, 1, 129),
(3, 1, 130),
(3, 1, 131),
(3, 1, 132),
(3, 1, 133),
(3, 1, 134),
(3, 1, 135),
(3, 1, 136),
(3, 1, 137),
(3, 1, 138),
(3, 1, 139),
(3, 1, 140),
(3, 1, 141),
(3, 1, 142),
(3, 1, 143),
(3, 1, 144),
(3, 1, 145),
(3, 1, 146),
(3, 1, 147),
(3, 1, 148),
(3, 1, 149),
(3, 1, 150),
(3, 1, 151),
(3, 1, 152),
(3, 1, 153),
(3, 1, 154),
(3, 1, 155),
(3, 1, 156),
(3, 1, 157),
(3, 1, 158),
(3, 1, 159),
(3, 1, 160),
(3, 1, 161),
(3, 1, 162),
(3, 1, 163),
(3, 1, 164),
(3, 1, 165),
(3, 1, 166),
(3, 1, 167),
(3, 1, 168),
(3, 1, 169),
(3, 1, 170),
(3, 1, 171),
(3, 1, 172),
(3, 1, 173),
(3, 1, 174),
(3, 1, 175),
(3, 1, 176),
(3, 1, 177),
(3, 1, 178),
(3, 1, 179),
(3, 1, 180),
(3, 1, 181),
(3, 1, 182),
(3, 1, 183),
(3, 1, 184),
(3, 1, 185),
(3, 1, 186),
(3, 1, 187),
(3, 1, 188),
(3, 1, 189),
(3, 1, 190),
(3, 1, 191),
(3, 1, 192),
(3, 1, 193),
(3, 1, 194),
(3, 1, 195),
(3, 1, 196),
(3, 1, 197),
(3, 1, 198),
(3, 1, 199),
(3, 1, 200),
(3, 1, 201),
(3, 1, 202),
(3, 1, 203),
(3, 1, 204),
(3, 1, 205),
(3, 1, 206),
(3, 1, 207),
(3, 1, 208),
(3, 1, 209),
(3, 1, 210),
(3, 1, 211),
(3, 1, 212),
(3, 1, 213),
(3, 1, 214),
(3, 1, 215),
(3, 1, 216),
(3, 1, 217),
(3, 1, 218),
(3, 1, 219),
(3, 1, 220),
(3, 1, 221),
(3, 1, 222),
(3, 1, 223),
(3, 1, 224),
(3, 1, 225),
(3, 1, 226),
(3, 1, 227),
(3, 1, 228),
(3, 1, 229),
(3, 1, 230),
(3, 1, 231),
(3, 1, 232),
(3, 1, 233),
(3, 1, 234),
(3, 1, 235),
(3, 1, 236),
(3, 1, 237),
(3, 1, 238),
(3, 1, 239),
(3, 1, 240),
(3, 1, 241),
(3, 1, 242),
(3, 1, 243),
(3, 1, 244),
(3, 1, 245),
(3, 1, 246),
(3, 1, 247),
(3, 1, 248),
(3, 1, 249),
(3, 1, 250),
(3, 1, 251),
(3, 1, 252),
(3, 1, 253),
(3, 1, 254),
(3, 1, 255),
(3, 1, 256),
(3, 1, 257),
(3, 1, 258),
(3, 1, 259),
(3, 1, 260),
(3, 1, 261),
(3, 1, 262),
(3, 1, 263),
(3, 1, 264),
(3, 1, 265),
(3, 1, 266),
(3, 1, 267),
(3, 1, 268),
(3, 1, 269),
(3, 1, 270),
(3, 1, 271),
(3, 1, 272),
(3, 1, 273),
(3, 1, 274),
(3, 1, 275),
(3, 1, 276),
(3, 1, 277),
(3, 1, 278),
(3, 1, 279),
(3, 1, 280),
(3, 1, 281),
(3, 1, 282),
(3, 1, 283),
(3, 1, 284),
(3, 1, 285),
(3, 1, 286),
(3, 1, 287),
(3, 1, 288),
(3, 1, 289),
(3, 1, 290),
(3, 1, 291),
(3, 1, 292),
(3, 1, 293),
(3, 1, 294),
(3, 1, 295),
(3, 1, 296),
(3, 1, 297),
(3, 1, 298),
(3, 1, 299),
(3, 1, 300),
(3, 1, 301),
(3, 1, 302),
(3, 1, 303),
(3, 1, 304),
(3, 1, 305),
(3, 1, 306),
(3, 1, 307),
(3, 1, 308),
(3, 1, 309),
(3, 1, 310),
(3, 1, 311),
(3, 1, 312),
(3, 1, 313),
(3, 1, 314),
(3, 1, 315),
(3, 1, 316),
(3, 1, 317),
(3, 1, 318),
(3, 1, 319),
(3, 1, 320),
(3, 1, 321),
(3, 1, 322),
(3, 1, 323),
(3, 1, 324),
(3, 1, 325),
(3, 1, 326),
(3, 1, 327),
(3, 1, 328),
(3, 1, 329),
(3, 1, 330),
(3, 1, 331),
(3, 1, 332),
(3, 1, 333),
(3, 1, 334),
(3, 1, 335),
(3, 1, 336),
(3, 1, 337),
(3, 1, 338),
(3, 1, 339),
(3, 1, 340),
(3, 1, 341),
(3, 1, 342),
(3, 1, 343),
(3, 1, 344),
(3, 1, 345),
(3, 1, 346),
(3, 1, 347),
(3, 1, 348),
(3, 1, 349),
(3, 1, 350),
(3, 1, 351),
(3, 1, 352),
(3, 1, 353),
(3, 1, 354),
(3, 1, 355),
(3, 1, 356),
(3, 1, 357),
(3, 1, 358),
(3, 1, 359),
(3, 1, 360),
(3, 1, 361),
(3, 1, 362),
(3, 1, 363),
(3, 1, 364),
(3, 1, 365),
(3, 1, 366),
(3, 1, 367),
(3, 1, 368),
(3, 1, 369),
(3, 1, 370),
(3, 1, 371),
(3, 1, 372),
(3, 1, 373),
(3, 1, 374),
(3, 1, 375),
(3, 1, 376),
(3, 1, 377),
(3, 1, 378),
(3, 1, 379),
(3, 1, 380),
(3, 1, 381),
(3, 1, 382),
(3, 1, 383),
(3, 1, 384),
(3, 1, 385),
(3, 1, 386),
(3, 1, 387),
(3, 1, 388),
(3, 1, 389),
(3, 1, 390),
(3, 1, 391),
(3, 1, 392),
(3, 1, 393),
(3, 1, 394),
(3, 1, 395),
(3, 1, 396),
(3, 1, 397),
(3, 1, 398),
(3, 1, 399),
(3, 1, 400),
(3, 1, 401),
(3, 1, 402),
(3, 1, 403),
(3, 1, 404),
(3, 1, 405),
(3, 1, 406),
(3, 1, 407),
(3, 1, 408),
(3, 1, 409),
(3, 1, 410),
(3, 1, 411),
(3, 1, 412),
(3, 1, 413),
(3, 1, 414),
(3, 1, 415),
(3, 1, 416),
(3, 1, 417),
(3, 1, 418),
(3, 1, 419),
(3, 1, 420),
(3, 1, 421),
(3, 1, 422),
(3, 1, 423),
(3, 1, 424),
(3, 1, 425),
(3, 1, 426),
(3, 1, 427),
(3, 1, 428),
(3, 1, 429),
(3, 1, 430),
(3, 1, 431),
(3, 1, 432),
(3, 1, 433),
(3, 1, 434),
(3, 1, 435),
(3, 1, 436),
(3, 1, 437),
(3, 1, 438),
(3, 1, 439),
(3, 1, 440),
(3, 1, 441),
(3, 1, 442),
(3, 1, 443),
(3, 1, 444),
(3, 1, 445),
(3, 1, 446),
(3, 1, 447),
(3, 1, 448),
(3, 1, 449),
(3, 2, 1),
(3, 2, 2),
(3, 2, 3),
(3, 2, 4),
(3, 2, 5),
(3, 2, 6),
(3, 2, 7),
(3, 2, 8),
(3, 2, 9),
(3, 2, 10),
(3, 2, 11),
(3, 2, 12),
(3, 2, 13),
(3, 2, 14),
(3, 2, 15),
(3, 2, 16),
(3, 2, 17),
(3, 2, 18),
(3, 2, 19),
(3, 2, 20),
(3, 2, 21),
(3, 2, 22),
(3, 2, 23),
(3, 2, 24),
(3, 2, 25),
(3, 2, 26),
(3, 2, 27),
(3, 2, 28),
(3, 2, 29),
(3, 2, 30),
(3, 2, 31),
(3, 2, 32),
(3, 2, 33),
(3, 2, 34),
(3, 2, 35),
(3, 2, 36),
(3, 2, 37),
(3, 2, 38),
(3, 2, 39),
(3, 2, 40),
(3, 2, 41),
(3, 2, 42),
(3, 2, 43),
(3, 2, 44),
(3, 2, 45),
(3, 2, 46),
(3, 2, 47),
(3, 2, 48),
(3, 2, 49),
(3, 2, 50),
(3, 2, 51),
(3, 2, 52),
(3, 2, 53),
(3, 2, 54),
(3, 2, 55),
(3, 2, 56),
(3, 2, 57),
(3, 2, 58),
(3, 2, 59),
(3, 2, 60),
(3, 2, 61),
(3, 2, 62),
(3, 2, 63),
(3, 2, 64),
(3, 2, 65),
(3, 2, 66),
(3, 2, 67),
(3, 2, 68),
(3, 2, 69),
(3, 2, 70),
(3, 2, 71),
(3, 2, 72),
(3, 2, 73),
(3, 2, 74),
(3, 2, 75),
(3, 2, 76),
(3, 2, 77),
(3, 2, 78),
(3, 2, 79),
(3, 2, 80),
(3, 2, 81),
(3, 2, 82),
(3, 2, 83),
(3, 2, 84),
(3, 2, 85),
(3, 2, 86),
(3, 2, 87),
(3, 2, 88),
(3, 2, 89),
(3, 2, 90),
(3, 2, 91),
(3, 2, 92),
(3, 2, 93),
(3, 2, 94),
(3, 2, 95),
(3, 2, 96),
(3, 2, 97),
(3, 2, 98),
(3, 2, 99),
(3, 2, 100),
(3, 2, 101),
(3, 2, 102),
(3, 2, 103),
(3, 2, 104),
(3, 2, 105),
(3, 2, 106),
(3, 2, 107),
(3, 2, 108),
(3, 2, 109),
(3, 2, 110),
(3, 2, 111),
(3, 2, 112),
(3, 2, 113),
(3, 2, 114),
(3, 2, 115),
(3, 2, 116),
(3, 2, 117),
(3, 2, 118),
(3, 2, 119),
(3, 2, 120),
(3, 2, 121),
(3, 2, 122),
(3, 2, 123),
(3, 2, 124),
(3, 2, 125),
(3, 2, 126),
(3, 2, 127),
(3, 2, 128),
(3, 2, 129),
(3, 2, 130),
(3, 2, 131),
(3, 2, 132),
(3, 2, 133),
(3, 2, 134),
(3, 2, 135),
(3, 2, 136),
(3, 2, 137),
(3, 2, 138),
(3, 2, 139),
(3, 2, 140),
(3, 2, 141),
(3, 2, 142),
(3, 2, 143),
(3, 2, 144),
(3, 2, 145),
(3, 2, 146),
(3, 2, 147),
(3, 2, 148),
(3, 2, 149),
(3, 2, 150),
(3, 2, 151),
(3, 2, 152),
(3, 2, 153),
(3, 2, 154),
(3, 2, 155),
(3, 2, 156),
(3, 2, 157),
(3, 2, 158),
(3, 2, 159),
(3, 2, 160),
(3, 2, 161),
(3, 2, 162),
(3, 2, 163),
(3, 2, 164),
(3, 2, 165),
(3, 2, 166),
(3, 2, 167),
(3, 2, 168),
(3, 2, 169),
(3, 2, 170),
(3, 2, 171),
(3, 2, 172),
(3, 2, 173),
(3, 2, 174),
(3, 2, 175),
(3, 2, 176),
(3, 2, 177),
(3, 2, 178),
(3, 2, 179),
(3, 2, 180),
(3, 2, 181),
(3, 2, 182),
(3, 2, 183),
(3, 2, 184),
(3, 2, 185),
(3, 2, 186),
(3, 2, 187),
(3, 2, 188),
(3, 2, 189),
(3, 2, 190),
(3, 2, 191),
(3, 2, 192),
(3, 2, 193),
(3, 2, 194),
(3, 2, 195),
(3, 2, 196),
(3, 2, 197),
(3, 2, 198),
(3, 2, 199),
(3, 2, 200),
(3, 2, 201),
(3, 2, 202),
(3, 2, 203),
(3, 2, 204),
(3, 2, 205),
(3, 2, 206),
(3, 2, 207),
(3, 2, 208),
(3, 2, 209),
(3, 2, 210),
(3, 2, 211),
(3, 2, 212),
(3, 2, 213),
(3, 2, 214),
(3, 2, 215),
(3, 2, 216),
(3, 2, 217),
(3, 2, 218),
(3, 2, 219),
(3, 2, 220),
(3, 2, 221),
(3, 2, 222),
(3, 2, 223),
(3, 2, 224),
(3, 2, 225),
(3, 2, 226),
(3, 2, 227),
(3, 2, 228),
(3, 2, 229),
(3, 2, 230),
(3, 2, 231),
(3, 2, 232),
(3, 2, 233),
(3, 2, 234),
(3, 2, 235),
(3, 2, 236),
(3, 2, 237),
(3, 2, 238),
(3, 2, 239),
(3, 2, 240),
(3, 2, 241),
(3, 2, 242),
(3, 2, 243),
(3, 2, 244),
(3, 2, 245),
(3, 2, 246),
(3, 2, 247),
(3, 2, 248),
(3, 2, 249),
(3, 2, 250),
(3, 2, 251),
(3, 2, 252),
(3, 2, 253),
(3, 2, 254),
(3, 2, 255),
(3, 2, 256),
(3, 2, 257),
(3, 2, 258),
(3, 2, 259),
(3, 2, 260),
(3, 2, 261),
(3, 2, 262),
(3, 2, 263),
(3, 2, 264),
(3, 2, 265),
(3, 2, 266),
(3, 2, 267),
(3, 2, 268),
(3, 2, 269),
(3, 2, 270),
(3, 2, 271),
(3, 2, 272),
(3, 2, 273),
(3, 2, 274),
(3, 2, 275),
(3, 2, 276),
(3, 2, 277),
(3, 2, 278),
(3, 2, 279),
(3, 2, 280),
(3, 2, 281),
(3, 2, 282),
(3, 2, 283),
(3, 2, 284),
(3, 2, 285),
(3, 2, 286),
(3, 2, 287),
(3, 2, 288),
(3, 2, 289),
(3, 2, 290),
(3, 2, 291),
(3, 2, 292),
(3, 2, 293),
(3, 2, 294),
(3, 2, 295),
(3, 2, 296),
(3, 2, 297),
(3, 2, 298),
(3, 2, 299),
(3, 2, 300),
(3, 2, 301),
(3, 2, 302),
(3, 2, 303),
(3, 2, 304),
(3, 2, 305),
(3, 2, 306),
(3, 2, 307),
(3, 2, 308),
(3, 2, 309),
(3, 2, 310),
(3, 2, 311),
(3, 2, 312),
(3, 2, 313),
(3, 2, 314),
(3, 2, 315),
(3, 2, 316),
(3, 2, 317),
(3, 2, 318),
(3, 2, 319),
(3, 2, 320),
(3, 2, 321),
(3, 2, 322),
(3, 2, 323),
(3, 2, 324),
(3, 2, 325),
(3, 2, 326),
(3, 2, 327),
(3, 2, 328),
(3, 2, 329),
(3, 2, 330),
(3, 2, 331),
(3, 2, 332),
(3, 2, 333),
(3, 2, 334),
(3, 2, 335),
(3, 2, 336),
(3, 2, 337),
(3, 2, 338),
(3, 2, 339),
(3, 2, 340),
(3, 2, 341),
(3, 2, 342),
(3, 2, 343),
(3, 2, 344),
(3, 2, 345),
(3, 2, 346),
(3, 2, 347),
(3, 2, 348),
(3, 2, 349),
(3, 2, 350),
(3, 2, 351),
(3, 2, 352),
(3, 2, 353),
(3, 2, 354),
(3, 2, 355),
(3, 2, 356),
(3, 2, 357),
(3, 2, 358),
(3, 2, 359),
(3, 2, 360),
(3, 2, 361),
(3, 2, 362),
(3, 2, 363),
(3, 2, 364),
(3, 2, 365),
(3, 2, 366),
(3, 2, 367),
(3, 2, 368),
(3, 2, 369),
(3, 2, 370),
(3, 2, 371),
(3, 2, 372),
(3, 2, 373),
(3, 2, 374),
(3, 2, 375),
(3, 2, 376),
(3, 2, 377),
(3, 2, 378),
(3, 2, 379),
(3, 2, 380),
(3, 2, 381),
(3, 2, 382),
(3, 2, 383),
(3, 2, 384),
(3, 2, 385),
(3, 2, 386),
(3, 2, 387),
(3, 2, 388),
(3, 2, 389),
(3, 2, 390),
(3, 2, 391),
(3, 2, 392),
(3, 2, 393),
(3, 2, 394),
(3, 2, 395),
(3, 2, 396),
(3, 2, 397),
(3, 2, 398),
(3, 2, 399),
(3, 2, 400),
(3, 2, 401),
(3, 2, 402),
(3, 2, 403),
(3, 2, 404),
(3, 2, 405),
(3, 2, 406),
(3, 2, 407),
(3, 2, 408),
(3, 2, 409),
(3, 2, 410),
(3, 2, 411),
(3, 2, 412),
(3, 2, 413),
(3, 2, 414),
(3, 2, 415),
(3, 2, 416),
(3, 2, 417),
(3, 2, 418),
(3, 2, 419),
(3, 2, 420),
(3, 2, 421),
(3, 2, 422),
(3, 2, 423),
(3, 2, 424),
(3, 2, 425),
(3, 2, 426),
(3, 2, 427),
(3, 2, 428),
(3, 2, 429),
(3, 2, 430),
(3, 2, 431),
(3, 2, 432),
(3, 2, 433),
(3, 2, 434),
(3, 2, 435),
(3, 2, 436),
(3, 2, 437),
(3, 2, 438),
(3, 2, 439),
(3, 2, 440),
(3, 2, 441),
(3, 2, 442),
(3, 2, 443),
(3, 2, 444),
(3, 2, 445),
(3, 2, 446),
(3, 2, 447),
(3, 2, 448),
(3, 2, 449),
(4, 1, 1),
(4, 1, 2),
(4, 1, 3),
(4, 1, 4),
(4, 1, 5),
(4, 1, 6),
(4, 1, 7),
(4, 1, 8),
(4, 1, 9),
(4, 1, 10),
(4, 1, 11),
(4, 1, 12),
(4, 1, 13),
(4, 1, 14),
(4, 1, 15),
(4, 1, 16),
(4, 1, 17),
(4, 1, 18),
(4, 1, 19),
(4, 1, 20),
(4, 1, 21),
(4, 1, 22),
(4, 1, 23),
(4, 1, 24),
(4, 1, 25),
(4, 1, 26),
(4, 1, 27),
(4, 1, 28),
(4, 1, 29),
(4, 1, 30),
(4, 1, 31),
(4, 1, 32),
(4, 1, 33),
(4, 1, 34),
(4, 1, 35),
(4, 1, 36),
(4, 1, 37),
(4, 1, 38),
(4, 1, 39),
(4, 1, 40),
(4, 1, 41),
(4, 1, 42),
(4, 1, 43),
(4, 1, 44),
(4, 1, 45),
(4, 1, 46),
(4, 1, 47),
(4, 1, 48),
(4, 1, 49),
(4, 1, 50),
(4, 1, 51),
(4, 1, 52),
(4, 1, 53),
(4, 1, 54),
(4, 1, 55),
(4, 1, 56),
(4, 1, 57),
(4, 1, 58),
(4, 1, 59),
(4, 1, 60),
(4, 1, 61),
(4, 1, 62),
(4, 1, 63),
(4, 1, 64),
(4, 1, 65),
(4, 1, 66),
(4, 1, 67),
(4, 1, 68),
(4, 1, 69),
(4, 1, 70),
(4, 1, 71),
(4, 1, 72),
(4, 1, 73),
(4, 1, 74),
(4, 1, 75),
(4, 1, 76),
(4, 1, 77),
(4, 1, 78),
(4, 1, 79),
(4, 1, 80),
(4, 1, 81),
(4, 1, 82),
(4, 1, 83),
(4, 1, 84),
(4, 1, 85),
(4, 1, 86),
(4, 1, 87),
(4, 1, 88),
(4, 1, 89),
(4, 1, 90),
(4, 1, 91),
(4, 1, 92),
(4, 1, 93),
(4, 1, 94),
(4, 1, 95),
(4, 1, 96),
(4, 1, 97),
(4, 1, 98),
(4, 1, 99),
(4, 1, 100),
(4, 1, 101),
(4, 1, 102),
(4, 1, 103),
(4, 1, 104),
(4, 1, 105),
(4, 1, 106),
(4, 1, 107),
(4, 1, 108),
(4, 1, 109),
(4, 1, 110),
(4, 1, 111),
(4, 1, 112),
(4, 1, 113),
(4, 1, 114),
(4, 1, 115),
(4, 1, 116),
(4, 1, 117),
(4, 1, 118),
(4, 1, 119),
(4, 1, 120),
(4, 1, 121),
(4, 1, 122),
(4, 1, 123),
(4, 1, 124),
(4, 1, 125),
(4, 1, 126),
(4, 1, 127),
(4, 1, 128),
(4, 1, 129),
(4, 1, 130),
(4, 1, 131),
(4, 1, 132),
(4, 1, 133),
(4, 1, 134),
(4, 1, 135),
(4, 1, 136),
(4, 1, 137),
(4, 1, 138),
(4, 1, 139),
(4, 1, 140),
(4, 1, 141),
(4, 1, 142),
(4, 1, 143),
(4, 1, 144),
(4, 1, 145),
(4, 1, 146),
(4, 1, 147),
(4, 1, 148),
(4, 1, 149),
(4, 1, 150),
(4, 1, 151),
(4, 1, 152),
(4, 1, 153),
(4, 1, 154),
(4, 1, 155),
(4, 1, 156),
(4, 1, 157),
(4, 1, 158),
(4, 1, 159),
(4, 1, 160),
(4, 1, 161),
(4, 1, 162),
(4, 1, 163),
(4, 1, 164),
(4, 1, 165),
(4, 1, 166),
(4, 1, 167),
(4, 1, 168),
(4, 1, 169),
(4, 1, 170),
(4, 1, 171),
(4, 1, 172),
(4, 1, 173),
(4, 1, 174),
(4, 1, 175),
(4, 1, 176),
(4, 1, 177),
(4, 1, 178),
(4, 1, 179),
(4, 1, 180),
(4, 1, 181),
(4, 1, 182),
(4, 1, 183),
(4, 1, 184),
(4, 1, 185),
(4, 1, 186),
(4, 1, 187),
(4, 1, 188),
(4, 1, 189),
(4, 1, 190),
(4, 1, 191),
(4, 1, 192),
(4, 1, 193),
(4, 1, 194),
(4, 1, 195),
(4, 1, 196),
(4, 1, 197),
(4, 1, 198),
(4, 1, 199),
(4, 1, 200),
(4, 1, 201),
(4, 1, 202),
(4, 1, 203),
(4, 1, 204),
(4, 1, 205),
(4, 1, 206),
(4, 1, 207),
(4, 1, 208),
(4, 1, 209),
(4, 1, 210),
(4, 1, 211),
(4, 1, 212),
(4, 1, 213),
(4, 1, 214),
(4, 1, 215),
(4, 1, 216),
(4, 1, 217),
(4, 1, 218),
(4, 1, 219),
(4, 1, 220),
(4, 1, 221),
(4, 1, 222),
(4, 1, 223),
(4, 1, 224),
(4, 1, 225),
(4, 1, 226),
(4, 1, 227),
(4, 1, 228),
(4, 1, 229),
(4, 1, 230),
(4, 1, 231),
(4, 1, 232),
(4, 1, 233),
(4, 1, 234),
(4, 1, 235),
(4, 1, 236),
(4, 1, 237),
(4, 1, 238),
(4, 1, 239),
(4, 1, 240),
(4, 1, 241),
(4, 1, 242),
(4, 1, 243),
(4, 1, 244),
(4, 1, 245),
(4, 1, 246),
(4, 1, 247),
(4, 1, 248),
(4, 1, 249),
(4, 1, 250),
(4, 1, 251),
(4, 1, 252),
(4, 1, 253),
(4, 1, 254),
(4, 1, 255),
(4, 1, 256),
(4, 1, 257),
(4, 1, 258),
(4, 1, 259),
(4, 1, 260),
(4, 1, 261),
(4, 1, 262),
(4, 1, 263),
(4, 1, 264),
(4, 1, 265),
(4, 1, 266),
(4, 1, 267),
(4, 1, 268),
(4, 1, 269),
(4, 1, 270),
(4, 1, 271),
(4, 1, 272),
(4, 1, 273),
(4, 1, 274),
(4, 1, 275),
(4, 1, 276),
(4, 1, 277),
(4, 1, 278),
(4, 1, 279),
(4, 1, 280),
(4, 1, 281),
(4, 1, 282),
(4, 1, 283),
(4, 1, 284),
(4, 1, 285),
(4, 1, 286),
(4, 1, 287),
(4, 1, 288),
(4, 1, 289),
(4, 1, 290),
(4, 1, 291),
(4, 1, 292),
(4, 1, 293),
(4, 1, 294),
(4, 1, 295),
(4, 1, 296),
(4, 1, 297),
(4, 1, 298),
(4, 1, 299),
(4, 1, 300),
(4, 1, 301),
(4, 1, 302),
(4, 1, 303),
(4, 1, 304),
(4, 1, 305),
(4, 1, 306),
(4, 1, 307),
(4, 1, 308),
(4, 1, 309),
(4, 1, 310),
(4, 1, 311),
(4, 1, 312),
(4, 1, 313),
(4, 1, 314),
(4, 1, 315),
(4, 1, 316),
(4, 1, 317),
(4, 1, 318),
(4, 1, 319),
(4, 1, 320),
(4, 1, 321),
(4, 1, 322),
(4, 1, 323),
(4, 1, 324),
(4, 1, 325),
(4, 1, 326),
(4, 1, 327),
(4, 1, 328),
(4, 1, 329),
(4, 1, 330),
(4, 1, 331),
(4, 1, 332),
(4, 1, 333),
(4, 1, 334),
(4, 1, 335),
(4, 1, 336),
(4, 1, 337),
(4, 1, 338),
(4, 1, 339),
(4, 1, 340),
(4, 1, 341),
(4, 1, 342),
(4, 1, 343),
(4, 1, 344),
(4, 1, 345),
(4, 1, 346),
(4, 1, 347),
(4, 1, 348),
(4, 1, 349),
(4, 1, 350),
(4, 1, 351),
(4, 1, 352),
(4, 1, 353),
(4, 1, 354),
(4, 1, 355),
(4, 1, 356),
(4, 1, 357),
(4, 1, 358),
(4, 1, 359),
(4, 1, 360),
(4, 1, 361),
(4, 1, 362),
(4, 1, 363),
(4, 1, 364),
(4, 1, 365),
(4, 1, 366),
(4, 1, 367),
(4, 1, 368),
(4, 1, 369),
(4, 1, 370),
(4, 1, 371),
(4, 1, 372),
(4, 1, 373),
(4, 1, 374),
(4, 1, 375),
(4, 1, 376),
(4, 1, 377),
(4, 1, 378),
(4, 1, 379),
(4, 1, 380),
(4, 1, 381),
(4, 1, 382),
(4, 1, 383),
(4, 1, 384),
(4, 1, 385),
(4, 1, 386),
(4, 1, 387),
(4, 1, 388),
(4, 1, 389),
(4, 1, 390),
(4, 1, 391),
(4, 1, 392),
(4, 1, 393),
(4, 1, 394),
(4, 1, 395),
(4, 1, 396),
(4, 1, 397),
(4, 1, 398),
(4, 1, 399),
(4, 1, 400),
(4, 1, 401),
(4, 1, 402),
(4, 1, 403),
(4, 1, 404),
(4, 1, 405),
(4, 1, 406),
(4, 1, 407),
(4, 1, 408),
(4, 1, 409),
(4, 1, 410),
(4, 1, 411),
(4, 1, 412),
(4, 1, 413),
(4, 1, 414),
(4, 1, 415),
(4, 1, 416),
(4, 1, 417),
(4, 1, 418),
(4, 1, 419),
(4, 1, 420),
(4, 1, 421),
(4, 1, 422),
(4, 1, 423),
(4, 1, 424),
(4, 1, 425),
(4, 1, 426),
(4, 1, 427),
(4, 1, 428),
(4, 1, 429),
(4, 1, 430),
(4, 1, 431),
(4, 1, 432),
(4, 1, 433),
(4, 1, 434),
(4, 1, 435),
(4, 1, 436),
(4, 1, 437),
(4, 1, 438),
(4, 1, 439),
(4, 1, 440),
(4, 1, 441),
(4, 1, 442),
(4, 1, 443),
(4, 1, 444),
(4, 1, 445),
(4, 1, 446),
(4, 1, 447),
(4, 1, 448),
(4, 1, 449),
(4, 2, 1),
(4, 2, 2),
(4, 2, 3),
(4, 2, 4),
(4, 2, 5),
(4, 2, 6),
(4, 2, 7),
(4, 2, 8),
(4, 2, 9),
(4, 2, 10),
(4, 2, 11),
(4, 2, 12),
(4, 2, 13),
(4, 2, 14),
(4, 2, 15),
(4, 2, 16),
(4, 2, 17),
(4, 2, 18),
(4, 2, 19),
(4, 2, 20),
(4, 2, 21),
(4, 2, 22),
(4, 2, 23),
(4, 2, 24),
(4, 2, 25),
(4, 2, 26),
(4, 2, 27),
(4, 2, 28),
(4, 2, 29),
(4, 2, 30),
(4, 2, 31),
(4, 2, 32),
(4, 2, 33),
(4, 2, 34),
(4, 2, 35),
(4, 2, 36),
(4, 2, 37),
(4, 2, 38),
(4, 2, 39),
(4, 2, 40),
(4, 2, 41),
(4, 2, 42),
(4, 2, 43),
(4, 2, 44),
(4, 2, 45),
(4, 2, 46),
(4, 2, 47),
(4, 2, 48),
(4, 2, 49),
(4, 2, 50),
(4, 2, 51),
(4, 2, 52),
(4, 2, 53),
(4, 2, 54),
(4, 2, 55),
(4, 2, 56),
(4, 2, 57),
(4, 2, 58),
(4, 2, 59),
(4, 2, 60),
(4, 2, 61),
(4, 2, 62),
(4, 2, 63),
(4, 2, 64),
(4, 2, 65),
(4, 2, 66),
(4, 2, 67),
(4, 2, 68),
(4, 2, 69),
(4, 2, 70),
(4, 2, 71),
(4, 2, 72),
(4, 2, 73),
(4, 2, 74),
(4, 2, 75),
(4, 2, 76),
(4, 2, 77),
(4, 2, 78),
(4, 2, 79),
(4, 2, 80),
(4, 2, 81),
(4, 2, 82),
(4, 2, 83),
(4, 2, 84),
(4, 2, 85),
(4, 2, 86),
(4, 2, 87),
(4, 2, 88),
(4, 2, 89),
(4, 2, 90),
(4, 2, 91),
(4, 2, 92),
(4, 2, 93),
(4, 2, 94),
(4, 2, 95),
(4, 2, 96),
(4, 2, 97),
(4, 2, 98),
(4, 2, 99),
(4, 2, 100),
(4, 2, 101),
(4, 2, 102),
(4, 2, 103),
(4, 2, 104),
(4, 2, 105),
(4, 2, 106),
(4, 2, 107),
(4, 2, 108),
(4, 2, 109),
(4, 2, 110),
(4, 2, 111),
(4, 2, 112),
(4, 2, 113),
(4, 2, 114),
(4, 2, 115),
(4, 2, 116),
(4, 2, 117),
(4, 2, 118),
(4, 2, 119),
(4, 2, 120),
(4, 2, 121),
(4, 2, 122),
(4, 2, 123),
(4, 2, 124),
(4, 2, 125),
(4, 2, 126),
(4, 2, 127),
(4, 2, 128),
(4, 2, 129),
(4, 2, 130),
(4, 2, 131),
(4, 2, 132),
(4, 2, 133),
(4, 2, 134),
(4, 2, 135),
(4, 2, 136),
(4, 2, 137),
(4, 2, 138),
(4, 2, 139),
(4, 2, 140),
(4, 2, 141),
(4, 2, 142),
(4, 2, 143),
(4, 2, 144),
(4, 2, 145),
(4, 2, 146),
(4, 2, 147),
(4, 2, 148),
(4, 2, 149),
(4, 2, 150),
(4, 2, 151),
(4, 2, 152),
(4, 2, 153),
(4, 2, 154),
(4, 2, 155),
(4, 2, 156),
(4, 2, 157),
(4, 2, 158),
(4, 2, 159),
(4, 2, 160),
(4, 2, 161),
(4, 2, 162),
(4, 2, 163),
(4, 2, 164),
(4, 2, 165),
(4, 2, 166),
(4, 2, 167),
(4, 2, 168),
(4, 2, 169),
(4, 2, 170),
(4, 2, 171),
(4, 2, 172),
(4, 2, 173),
(4, 2, 174),
(4, 2, 175),
(4, 2, 176),
(4, 2, 177),
(4, 2, 178),
(4, 2, 179),
(4, 2, 180),
(4, 2, 181),
(4, 2, 182),
(4, 2, 183),
(4, 2, 184),
(4, 2, 185),
(4, 2, 186),
(4, 2, 187),
(4, 2, 188),
(4, 2, 189),
(4, 2, 190),
(4, 2, 191),
(4, 2, 192),
(4, 2, 193),
(4, 2, 194),
(4, 2, 195),
(4, 2, 196),
(4, 2, 197),
(4, 2, 198),
(4, 2, 199),
(4, 2, 200),
(4, 2, 201),
(4, 2, 202),
(4, 2, 203),
(4, 2, 204),
(4, 2, 205),
(4, 2, 206),
(4, 2, 207),
(4, 2, 208),
(4, 2, 209),
(4, 2, 210),
(4, 2, 211),
(4, 2, 212),
(4, 2, 213),
(4, 2, 214),
(4, 2, 215),
(4, 2, 216),
(4, 2, 217),
(4, 2, 218),
(4, 2, 219),
(4, 2, 220),
(4, 2, 221),
(4, 2, 222),
(4, 2, 223),
(4, 2, 224),
(4, 2, 225),
(4, 2, 226),
(4, 2, 227),
(4, 2, 228),
(4, 2, 229),
(4, 2, 230),
(4, 2, 231),
(4, 2, 232),
(4, 2, 233),
(4, 2, 234),
(4, 2, 235),
(4, 2, 236),
(4, 2, 237),
(4, 2, 238),
(4, 2, 239),
(4, 2, 240),
(4, 2, 241),
(4, 2, 242),
(4, 2, 243),
(4, 2, 244),
(4, 2, 245),
(4, 2, 246),
(4, 2, 247),
(4, 2, 248),
(4, 2, 249),
(4, 2, 250),
(4, 2, 251),
(4, 2, 252),
(4, 2, 253),
(4, 2, 254),
(4, 2, 255),
(4, 2, 256),
(4, 2, 257),
(4, 2, 258),
(4, 2, 259),
(4, 2, 260),
(4, 2, 261),
(4, 2, 262),
(4, 2, 263),
(4, 2, 264),
(4, 2, 265),
(4, 2, 266),
(4, 2, 267),
(4, 2, 268),
(4, 2, 269),
(4, 2, 270),
(4, 2, 271),
(4, 2, 272),
(4, 2, 273),
(4, 2, 274),
(4, 2, 275),
(4, 2, 276),
(4, 2, 277),
(4, 2, 278),
(4, 2, 279),
(4, 2, 280),
(4, 2, 281),
(4, 2, 282),
(4, 2, 283),
(4, 2, 284),
(4, 2, 285),
(4, 2, 286),
(4, 2, 287),
(4, 2, 288),
(4, 2, 289),
(4, 2, 290),
(4, 2, 291),
(4, 2, 292),
(4, 2, 293),
(4, 2, 294),
(4, 2, 295),
(4, 2, 296),
(4, 2, 297),
(4, 2, 298),
(4, 2, 299),
(4, 2, 300),
(4, 2, 301),
(4, 2, 302),
(4, 2, 303),
(4, 2, 304),
(4, 2, 305),
(4, 2, 306),
(4, 2, 307),
(4, 2, 308),
(4, 2, 309),
(4, 2, 310),
(4, 2, 311),
(4, 2, 312),
(4, 2, 313),
(4, 2, 314),
(4, 2, 315),
(4, 2, 316),
(4, 2, 317),
(4, 2, 318),
(4, 2, 319),
(4, 2, 320),
(4, 2, 321),
(4, 2, 322),
(4, 2, 323),
(4, 2, 324),
(4, 2, 325),
(4, 2, 326),
(4, 2, 327),
(4, 2, 328),
(4, 2, 329),
(4, 2, 330),
(4, 2, 331),
(4, 2, 332),
(4, 2, 333),
(4, 2, 334),
(4, 2, 335),
(4, 2, 336),
(4, 2, 337),
(4, 2, 338),
(4, 2, 339),
(4, 2, 340),
(4, 2, 341),
(4, 2, 342),
(4, 2, 343),
(4, 2, 344),
(4, 2, 345),
(4, 2, 346),
(4, 2, 347),
(4, 2, 348),
(4, 2, 349),
(4, 2, 350),
(4, 2, 351),
(4, 2, 352),
(4, 2, 353),
(4, 2, 354),
(4, 2, 355),
(4, 2, 356),
(4, 2, 357),
(4, 2, 358),
(4, 2, 359),
(4, 2, 360),
(4, 2, 361),
(4, 2, 362),
(4, 2, 363),
(4, 2, 364),
(4, 2, 365),
(4, 2, 366),
(4, 2, 367),
(4, 2, 368),
(4, 2, 369),
(4, 2, 370),
(4, 2, 371),
(4, 2, 372),
(4, 2, 373),
(4, 2, 374),
(4, 2, 375),
(4, 2, 376),
(4, 2, 377),
(4, 2, 378),
(4, 2, 379),
(4, 2, 380),
(4, 2, 381),
(4, 2, 382),
(4, 2, 383),
(4, 2, 384),
(4, 2, 385),
(4, 2, 386),
(4, 2, 387),
(4, 2, 388),
(4, 2, 389),
(4, 2, 390),
(4, 2, 391),
(4, 2, 392),
(4, 2, 393),
(4, 2, 394),
(4, 2, 395),
(4, 2, 396),
(4, 2, 397),
(4, 2, 398),
(4, 2, 399),
(4, 2, 400),
(4, 2, 401),
(4, 2, 402),
(4, 2, 403),
(4, 2, 404),
(4, 2, 405),
(4, 2, 406),
(4, 2, 407),
(4, 2, 408),
(4, 2, 409),
(4, 2, 410),
(4, 2, 411),
(4, 2, 412),
(4, 2, 413),
(4, 2, 414),
(4, 2, 415),
(4, 2, 416),
(4, 2, 417),
(4, 2, 418),
(4, 2, 419),
(4, 2, 420),
(4, 2, 421),
(4, 2, 422),
(4, 2, 423),
(4, 2, 424),
(4, 2, 425),
(4, 2, 426),
(4, 2, 427),
(4, 2, 428),
(4, 2, 429),
(4, 2, 430),
(4, 2, 431),
(4, 2, 432),
(4, 2, 433),
(4, 2, 434),
(4, 2, 435),
(4, 2, 436),
(4, 2, 437),
(4, 2, 438),
(4, 2, 439),
(4, 2, 440),
(4, 2, 441),
(4, 2, 442),
(4, 2, 443),
(4, 2, 444),
(4, 2, 445),
(4, 2, 446),
(4, 2, 447),
(4, 2, 448),
(4, 2, 449);

-- --------------------------------------------------------

--
-- Estructura de tabla para la tabla `s_usuarios_permisos_tablas`
--

DROP TABLE IF EXISTS `s_usuarios_permisos_tablas`;
CREATE TABLE `s_usuarios_permisos_tablas` (
  `usua_codigo` int(11) NOT NULL,
  `tab_codigo` int(11) NOT NULL,
  `perm_codigo` int(11) NOT NULL
) ENGINE=MyISAM DEFAULT CHARSET=latin1;

--
-- Volcado de datos para la tabla `s_usuarios_permisos_tablas`
--

INSERT INTO `s_usuarios_permisos_tablas` (`usua_codigo`, `tab_codigo`, `perm_codigo`) VALUES
(1, 13, 1),
(1, 13, 2),
(1, 13, 3),
(1, 13, 4),
(1, 14, 1),
(1, 14, 2),
(1, 14, 3),
(1, 14, 4),
(1, 15, 1),
(1, 15, 2),
(1, 15, 3),
(1, 15, 4),
(1, 16, 1),
(1, 16, 2),
(1, 16, 3),
(1, 16, 4),
(1, 17, 1),
(1, 17, 2),
(1, 17, 3),
(1, 17, 4),
(1, 18, 1),
(1, 18, 2),
(1, 18, 3),
(1, 18, 4),
(1, 19, 1),
(1, 19, 2),
(1, 19, 3),
(1, 19, 4),
(1, 20, 1),
(1, 20, 2),
(1, 20, 3),
(1, 20, 4),
(1, 21, 1),
(1, 21, 2),
(1, 21, 3),
(1, 21, 4),
(1, 22, 1),
(1, 22, 2),
(1, 22, 3),
(1, 22, 4),
(1, 23, 1),
(1, 23, 2),
(1, 23, 3),
(1, 23, 4),
(1, 24, 1),
(1, 24, 2),
(1, 24, 3),
(1, 24, 4),
(1, 25, 1),
(1, 25, 2),
(1, 25, 3),
(1, 25, 4),
(1, 26, 1),
(1, 26, 2),
(1, 26, 3),
(1, 26, 4),
(1, 27, 1),
(1, 27, 2),
(1, 27, 3),
(1, 27, 4),
(1, 28, 1),
(1, 28, 2),
(1, 28, 3),
(1, 28, 4),
(1, 29, 1),
(1, 29, 2),
(1, 29, 3),
(1, 29, 4),
(1, 30, 1),
(1, 30, 2),
(1, 30, 3),
(1, 30, 4),
(1, 31, 1),
(1, 31, 2),
(1, 31, 3),
(1, 31, 4),
(1, 32, 1),
(1, 32, 2),
(1, 32, 3),
(1, 32, 4),
(1, 33, 1),
(1, 33, 2),
(1, 33, 3),
(1, 33, 4),
(1, 34, 1),
(1, 34, 2),
(1, 34, 3),
(1, 34, 4),
(1, 35, 1),
(1, 35, 2),
(1, 35, 3),
(1, 35, 4),
(1, 36, 1),
(1, 36, 2),
(1, 36, 3),
(1, 36, 4),
(1, 37, 1),
(1, 37, 2),
(1, 37, 3),
(1, 37, 4),
(1, 38, 1),
(1, 38, 2),
(1, 38, 3),
(1, 38, 4),
(1, 39, 1),
(1, 39, 2),
(1, 39, 3),
(1, 39, 4),
(1, 40, 1),
(1, 40, 2),
(1, 40, 3),
(1, 40, 4),
(1, 41, 1),
(1, 41, 2),
(1, 41, 3),
(1, 41, 4),
(1, 42, 1),
(1, 42, 2),
(1, 42, 3),
(1, 42, 4),
(1, 43, 1),
(1, 43, 2),
(1, 43, 3),
(1, 43, 4),
(1, 44, 1),
(1, 44, 2),
(1, 44, 3),
(1, 44, 4),
(1, 45, 1),
(1, 45, 2),
(1, 45, 3),
(1, 45, 4),
(1, 46, 1),
(1, 46, 2),
(1, 46, 3),
(1, 46, 4),
(1, 47, 1),
(1, 47, 2),
(1, 47, 3),
(1, 47, 4),
(1, 48, 1),
(1, 48, 2),
(1, 48, 3),
(1, 48, 4),
(1, 49, 1),
(1, 49, 2),
(1, 49, 3),
(1, 49, 4),
(1, 50, 1),
(1, 50, 2),
(1, 50, 3),
(1, 50, 4),
(1, 51, 1),
(1, 51, 2),
(1, 51, 3),
(1, 51, 4),
(1, 52, 1),
(1, 52, 2),
(1, 52, 3),
(1, 52, 4),
(1, 53, 1),
(1, 53, 2),
(1, 53, 3),
(1, 53, 4),
(1, 54, 1),
(1, 54, 2),
(1, 54, 3),
(1, 54, 4),
(1, 55, 1),
(1, 55, 2),
(1, 55, 3),
(1, 55, 4),
(1, 56, 1),
(1, 56, 2),
(1, 56, 3),
(1, 56, 4),
(1, 57, 1),
(1, 57, 2),
(1, 57, 3),
(1, 57, 4),
(1, 58, 1),
(1, 58, 2),
(1, 58, 3),
(1, 58, 4),
(1, 59, 1),
(1, 59, 2),
(1, 59, 3),
(1, 59, 4),
(1, 60, 1),
(1, 60, 2),
(1, 60, 3),
(1, 60, 4),
(1, 61, 1),
(1, 61, 2),
(1, 61, 3),
(1, 61, 4),
(1, 62, 1),
(1, 62, 2),
(1, 62, 3),
(1, 62, 4),
(1, 63, 1),
(1, 63, 2),
(1, 63, 3),
(1, 63, 4),
(1, 64, 1),
(1, 64, 2),
(1, 64, 3),
(1, 64, 4),
(1, 65, 1),
(1, 65, 2),
(1, 65, 3),
(1, 65, 4),
(1, 66, 1),
(1, 66, 2),
(1, 66, 3),
(1, 66, 4),
(1, 67, 1),
(1, 67, 2),
(1, 67, 3),
(1, 67, 4),
(1, 68, 1),
(1, 68, 2),
(1, 68, 3),
(1, 68, 4),
(1, 69, 1),
(1, 69, 2),
(1, 69, 3),
(1, 69, 4),
(1, 70, 1),
(1, 70, 2),
(1, 70, 3),
(1, 70, 4),
(1, 71, 1),
(1, 71, 2),
(1, 71, 3),
(1, 71, 4),
(1, 72, 1),
(1, 72, 2),
(1, 72, 3),
(1, 72, 4),
(1, 73, 1),
(1, 73, 2),
(1, 73, 3),
(1, 73, 4),
(1, 74, 1),
(1, 74, 2),
(1, 74, 3),
(1, 74, 4),
(1, 75, 1),
(1, 75, 2),
(1, 75, 3),
(1, 75, 4),
(1, 76, 1),
(1, 76, 2),
(1, 76, 3),
(1, 76, 4),
(1, 77, 1),
(1, 77, 2),
(1, 77, 3),
(1, 77, 4),
(1, 78, 1),
(1, 78, 2),
(1, 78, 3),
(1, 78, 4),
(2, 13, 1),
(2, 13, 2),
(2, 13, 3),
(2, 13, 4),
(2, 14, 1),
(2, 14, 2),
(2, 14, 3),
(2, 14, 4),
(2, 15, 1),
(2, 15, 2),
(2, 15, 3),
(2, 15, 4),
(2, 16, 1),
(2, 16, 2),
(2, 16, 3),
(2, 16, 4),
(2, 17, 1),
(2, 17, 2),
(2, 17, 3),
(2, 17, 4),
(2, 18, 1),
(2, 18, 2),
(2, 18, 3),
(2, 18, 4),
(2, 19, 1),
(2, 19, 2),
(2, 19, 3),
(2, 19, 4),
(2, 20, 1),
(2, 20, 2),
(2, 20, 3),
(2, 20, 4),
(2, 21, 1),
(2, 21, 2),
(2, 21, 3),
(2, 21, 4),
(2, 22, 1),
(2, 22, 2),
(2, 22, 3),
(2, 22, 4),
(2, 23, 1),
(2, 23, 2),
(2, 23, 3),
(2, 23, 4),
(2, 24, 1),
(2, 24, 2),
(2, 24, 3),
(2, 24, 4),
(2, 25, 1),
(2, 25, 2),
(2, 25, 3),
(2, 25, 4),
(2, 26, 1),
(2, 26, 2),
(2, 26, 3),
(2, 26, 4),
(2, 27, 1),
(2, 27, 2),
(2, 27, 3),
(2, 27, 4),
(2, 28, 1),
(2, 28, 2),
(2, 28, 3),
(2, 28, 4),
(2, 29, 1),
(2, 29, 2),
(2, 29, 3),
(2, 29, 4),
(2, 30, 1),
(2, 30, 2),
(2, 30, 3),
(2, 30, 4),
(2, 31, 1),
(2, 31, 2),
(2, 31, 3),
(2, 31, 4),
(2, 32, 1),
(2, 32, 2),
(2, 32, 3),
(2, 32, 4),
(2, 33, 1),
(2, 33, 2),
(2, 33, 3),
(2, 33, 4),
(2, 34, 1),
(2, 34, 2),
(2, 34, 3),
(2, 34, 4),
(2, 35, 1),
(2, 35, 2),
(2, 35, 3),
(2, 35, 4),
(2, 36, 1),
(2, 36, 2),
(2, 36, 3),
(2, 36, 4),
(2, 37, 1),
(2, 37, 2),
(2, 37, 3),
(2, 37, 4),
(2, 38, 1),
(2, 38, 2),
(2, 38, 3),
(2, 38, 4),
(2, 39, 1),
(2, 39, 2),
(2, 39, 3),
(2, 39, 4),
(2, 40, 1),
(2, 40, 2),
(2, 40, 3),
(2, 40, 4),
(2, 41, 1),
(2, 41, 2),
(2, 41, 3),
(2, 41, 4),
(2, 42, 1),
(2, 42, 2),
(2, 42, 3),
(2, 42, 4),
(2, 43, 1),
(2, 43, 2),
(2, 43, 3),
(2, 43, 4),
(2, 44, 1),
(2, 44, 2),
(2, 44, 3),
(2, 44, 4),
(2, 45, 1),
(2, 45, 2),
(2, 45, 3),
(2, 45, 4),
(2, 46, 1),
(2, 46, 2),
(2, 46, 3),
(2, 46, 4),
(2, 47, 1),
(2, 47, 2),
(2, 47, 3),
(2, 47, 4),
(2, 48, 1),
(2, 48, 2),
(2, 48, 3),
(2, 48, 4),
(2, 49, 1),
(2, 49, 2),
(2, 49, 3),
(2, 49, 4),
(2, 50, 1),
(2, 50, 2),
(2, 50, 3),
(2, 50, 4),
(2, 51, 1),
(2, 51, 2),
(2, 51, 3),
(2, 51, 4),
(2, 52, 1),
(2, 52, 2),
(2, 52, 3),
(2, 52, 4),
(2, 53, 1),
(2, 53, 2),
(2, 53, 3),
(2, 53, 4),
(2, 54, 1),
(2, 54, 2),
(2, 54, 3),
(2, 54, 4),
(2, 55, 1),
(2, 55, 2),
(2, 55, 3),
(2, 55, 4),
(2, 56, 1),
(2, 56, 2),
(2, 56, 3),
(2, 56, 4),
(2, 57, 1),
(2, 57, 2),
(2, 57, 3),
(2, 57, 4),
(2, 58, 1),
(2, 58, 2),
(2, 58, 3),
(2, 58, 4),
(2, 59, 1),
(2, 59, 2),
(2, 59, 3),
(2, 59, 4),
(2, 60, 1),
(2, 60, 2),
(2, 60, 3),
(2, 60, 4),
(2, 61, 1),
(2, 61, 2),
(2, 61, 3),
(2, 61, 4),
(2, 62, 1),
(2, 62, 2),
(2, 62, 3),
(2, 62, 4),
(2, 63, 1),
(2, 63, 2),
(2, 63, 3),
(2, 63, 4),
(2, 64, 1),
(2, 64, 2),
(2, 64, 3),
(2, 64, 4),
(2, 65, 1),
(2, 65, 2),
(2, 65, 3),
(2, 65, 4),
(2, 66, 1),
(2, 66, 2),
(2, 66, 3),
(2, 66, 4),
(2, 67, 1),
(2, 67, 2),
(2, 67, 3),
(2, 67, 4),
(2, 68, 1),
(2, 68, 2),
(2, 68, 3),
(2, 68, 4),
(2, 69, 1),
(2, 69, 2),
(2, 69, 3),
(2, 69, 4),
(2, 70, 1),
(2, 70, 2),
(2, 70, 3),
(2, 70, 4),
(2, 71, 1),
(2, 71, 2),
(2, 71, 3),
(2, 71, 4),
(2, 72, 1),
(2, 72, 2),
(2, 72, 3),
(2, 72, 4),
(2, 73, 1),
(2, 73, 2),
(2, 73, 3),
(2, 73, 4),
(2, 74, 1),
(2, 74, 2),
(2, 74, 3),
(2, 74, 4),
(2, 75, 1),
(2, 75, 2),
(2, 75, 3),
(2, 75, 4),
(2, 76, 1),
(2, 76, 2),
(2, 76, 3),
(2, 76, 4),
(2, 77, 1),
(2, 77, 2),
(2, 77, 3),
(2, 77, 4),
(2, 78, 1),
(2, 78, 2),
(2, 78, 3),
(2, 78, 4);

--
-- Índices para tablas volcadas
--

--
-- Indices de la tabla `pop_up`
--
ALTER TABLE `pop_up`
  ADD PRIMARY KEY (`p_codigo`);

--
-- Indices de la tabla `s_campos`
--
ALTER TABLE `s_campos`
  ADD PRIMARY KEY (`cam_codigo`);

--
-- Indices de la tabla `s_condiciones_campos`
--
ALTER TABLE `s_condiciones_campos`
  ADD PRIMARY KEY (`conc_codigo`);

--
-- Indices de la tabla `s_condiciones_campos_tipos_campo`
--
ALTER TABLE `s_condiciones_campos_tipos_campo`
  ADD PRIMARY KEY (`tic_codigo`,`conc_codigo`),
  ADD KEY `condiciones_campos_tipos_condiciones` (`conc_codigo`);

--
-- Indices de la tabla `s_historial`
--
ALTER TABLE `s_historial`
  ADD PRIMARY KEY (`his_codigo`),
  ADD KEY `historial_historial_accion` (`hia_codigo`);

--
-- Indices de la tabla `s_historial_accion`
--
ALTER TABLE `s_historial_accion`
  ADD PRIMARY KEY (`hia_codigo`);

--
-- Indices de la tabla `s_oldnew_triggers`
--
ALTER TABLE `s_oldnew_triggers`
  ADD PRIMARY KEY (`olne_codigo`);

--
-- Indices de la tabla `s_permisos`
--
ALTER TABLE `s_permisos`
  ADD PRIMARY KEY (`perm_codigo`);

--
-- Indices de la tabla `s_prefijos`
--
ALTER TABLE `s_prefijos`
  ADD PRIMARY KEY (`pref_codigo`);

--
-- Indices de la tabla `s_tablas`
--
ALTER TABLE `s_tablas`
  ADD PRIMARY KEY (`tab_codigo`);

--
-- Indices de la tabla `s_tipos_asociacion`
--
ALTER TABLE `s_tipos_asociacion`
  ADD PRIMARY KEY (`tias_codigo`);

--
-- Indices de la tabla `s_tipos_campo`
--
ALTER TABLE `s_tipos_campo`
  ADD PRIMARY KEY (`tic_codigo`);

--
-- Indices de la tabla `s_tipos_relacion`
--
ALTER TABLE `s_tipos_relacion`
  ADD PRIMARY KEY (`tipr_codigo`);

--
-- Indices de la tabla `s_tipo_accion_triggers`
--
ALTER TABLE `s_tipo_accion_triggers`
  ADD PRIMARY KEY (`tatr_codigo`);

--
-- Indices de la tabla `s_tipo_triggers`
--
ALTER TABLE `s_tipo_triggers`
  ADD PRIMARY KEY (`ttri_codigo`);

--
-- Indices de la tabla `s_triggers`
--
ALTER TABLE `s_triggers`
  ADD PRIMARY KEY (`trig_codigo`),
  ADD KEY `triggers_tipo` (`ttri_codigo`),
  ADD KEY `triggers_accion` (`tatr_codigo`);

--
-- Indices de la tabla `s_usuarios`
--
ALTER TABLE `s_usuarios`
  ADD PRIMARY KEY (`usua_codigo`);

--
-- Indices de la tabla `s_usuarios_permisos_campos`
--
ALTER TABLE `s_usuarios_permisos_campos`
  ADD PRIMARY KEY (`perm_codigo`,`usua_codigo`,`cam_codigo`),
  ADD KEY `usuarios_permisos_campos_usuarios` (`usua_codigo`),
  ADD KEY `usuarios_permisos_campos_campos` (`cam_codigo`);

--
-- Indices de la tabla `s_usuarios_permisos_tablas`
--
ALTER TABLE `s_usuarios_permisos_tablas`
  ADD PRIMARY KEY (`usua_codigo`,`tab_codigo`,`perm_codigo`),
  ADD KEY `permisos_permisos_tablas` (`perm_codigo`),
  ADD KEY `tablas_permisos_tablas` (`tab_codigo`);
COMMIT;

/*!40101 SET CHARACTER_SET_CLIENT=@OLD_CHARACTER_SET_CLIENT */;
/*!40101 SET CHARACTER_SET_RESULTS=@OLD_CHARACTER_SET_RESULTS */;
/*!40101 SET COLLATION_CONNECTION=@OLD_COLLATION_CONNECTION */;
